path,size_bytes,modified_utc,included_in_raw_zip,line_count,parse_errors
logs\account_state_2026-06-24.jsonl,359,2026-06-24T20:40:33.527079+00:00,True,1,0
logs\account_state_2026-06-25.jsonl,161556,2026-06-25T23:59:42.622418+00:00,True,397,0
logs\account_state_2026-06-26.jsonl,23252984,2026-06-26T21:09:08.714076+00:00,True,49168,0
logs\architecture5_model_sanity_20260625_132400.json,1723,2026-06-25T13:24:00.703935+00:00,True,,
logs\data_quality_buy_and_hold_audusd_probe.log,53240,2026-06-24T14:50:48.828931+00:00,True,,
logs\data_quality_do_nothing_202605101800_202606101759.log,53240,2026-06-24T22:55:13.812771+00:00,True,,
logs\data_quality_do_nothing_202605102100_202606102059.log,8360,2026-06-24T23:35:28.808665+00:00,True,,
logs\data_quality_do_nothing_202605110000_202605120000.log,4400,2026-06-24T16:36:24.167544+00:00,True,,
logs\data_quality_do_nothing_202605110000_202606102359.log,53680,2026-06-24T16:26:21.944306+00:00,True,,
logs\data_quality_do_nothing_202605120000_202605130000.log,4400,2026-06-24T16:46:21.123175+00:00,True,,
logs\data_quality_do_nothing_202605130000_202605140000.log,4400,2026-06-24T16:55:55.947173+00:00,True,,
logs\data_quality_do_nothing_202605140000_202605150000.log,4400,2026-06-24T17:05:49.707850+00:00,True,,
logs\data_quality_do_nothing_202605150000_202605160000.log,2200,2026-06-24T17:13:44.893373+00:00,True,,
logs\data_quality_do_nothing_202605160000_202605170000.log,440,2026-06-24T17:14:01.787410+00:00,True,,
logs\data_quality_do_nothing_202605170000_202605180000.log,2640,2026-06-24T17:15:06.187654+00:00,True,,
logs\data_quality_do_nothing_202605180000_202605190000.log,4400,2026-06-24T17:24:32.627380+00:00,True,,
logs\data_quality_do_nothing_202605190000_202605200000.log,4400,2026-06-24T17:34:31.430995+00:00,True,,
logs\data_quality_do_nothing_202605200000_202605210000.log,4400,2026-06-24T17:46:28.778846+00:00,True,,
logs\data_quality_do_nothing_202605210000_202605220000.log,3960,2026-06-24T17:57:18.285077+00:00,True,,
logs\data_quality_do_nothing_202605220000_202605230000.log,1760,2026-06-24T18:04:30.658193+00:00,True,,
logs\data_quality_do_nothing_202605230000_202605240000.log,440,2026-06-24T18:06:52.220724+00:00,True,,
logs\data_quality_do_nothing_202605240000_202605250000.log,2640,2026-06-24T18:08:08.738419+00:00,True,,
logs\data_quality_do_nothing_202605250000_202605260000.log,4400,2026-06-24T18:13:43.053559+00:00,True,,
logs\data_quality_do_nothing_202605260000_202605270000.log,4400,2026-06-24T18:18:45.402660+00:00,True,,
logs\data_quality_do_nothing_202605270000_202605280000.log,4400,2026-06-24T18:24:12.760040+00:00,True,,
logs\data_quality_do_nothing_202605280000_202605290000.log,4400,2026-06-24T18:30:00.973035+00:00,True,,
logs\data_quality_do_nothing_202605290000_202605300000.log,2200,2026-06-24T18:34:34.743622+00:00,True,,
logs\data_quality_do_nothing_202605300000_202605310000.log,440,2026-06-24T18:34:44.085442+00:00,True,,
logs\data_quality_do_nothing_202605310000_202606010000.log,2640,2026-06-24T18:35:29.223832+00:00,True,,
logs\data_quality_do_nothing_202606010000_202606020000.log,4400,2026-06-24T18:40:56.387533+00:00,True,,
logs\data_quality_do_nothing_202606020000_202606030000.log,4400,2026-06-24T18:46:31.113268+00:00,True,,
logs\data_quality_do_nothing_202606030000_202606040000.log,4400,2026-06-24T18:52:38.265915+00:00,True,,
logs\data_quality_do_nothing_202606040000_202606050000.log,4400,2026-06-24T18:58:28.725415+00:00,True,,
logs\data_quality_do_nothing_202606050000_202606060000.log,2200,2026-06-24T19:03:54.050101+00:00,True,,
logs\data_quality_do_nothing_202606060000_202606070000.log,440,2026-06-24T19:04:16.692257+00:00,True,,
logs\data_quality_do_nothing_202606070000_202606080000.log,3080,2026-06-24T19:05:08.217330+00:00,True,,
logs\data_quality_do_nothing_202606080000_202606090000.log,5280,2026-06-24T19:11:56.767212+00:00,True,,
logs\data_quality_do_nothing_202606090000_202606100000.log,5280,2026-06-24T19:21:14.747825+00:00,True,,
logs\data_quality_do_nothing_202606100000_202606102359.log,2640,2026-06-24T19:30:23.797370+00:00,True,,
logs\data_quality_future_leaker_202601010000_202601020000.log,0,2026-06-24T13:50:33.543406+00:00,True,,
logs\data_quality_strategy_v0_202605101800_202605110000.log,26400,2026-06-24T18:26:11.919453+00:00,True,,
logs\data_quality_strategy_v0_202605102100_202605110300.log,26400,2026-06-24T18:28:19.083503+00:00,True,,
logs\data_quality_strategy_v0_202605110000_202605110600.log,211200,2026-06-24T18:51:39.841362+00:00,True,,
logs\data_quality_strategy_v0_202605110300_202605110900.log,26400,2026-06-24T18:31:05.225558+00:00,True,,
logs\data_quality_strategy_v0_202605110600_202605111200.log,26400,2026-06-24T18:33:53.023009+00:00,True,,
logs\demo_ui_stderr.log,476201,2026-06-25T17:25:35.839569+00:00,True,,
logs\demo_ui_stdout.log,0,2026-06-25T12:20:22.823297+00:00,True,,
logs\diagnostic_v0_20260625_143857.jsonl,20690,2026-06-25T14:39:00.659392+00:00,True,50,0
logs\diagnostic_v0_20260625_143857.md,694,2026-06-25T14:39:00.661520+00:00,False,,
logs\diagnostic_v0_20260625_144229.jsonl,20760,2026-06-25T14:42:31.903667+00:00,True,50,0
logs\diagnostic_v0_20260625_144229.md,764,2026-06-25T14:42:31.903667+00:00,False,,
logs\diagnostic_v0_20260625_144341.jsonl,24411,2026-06-25T14:43:52.866027+00:00,True,51,0
logs\diagnostic_v0_20260625_144341.md,640,2026-06-25T14:43:52.867049+00:00,False,,
logs\diagnostic_v0_20260625_144449.jsonl,24412,2026-06-25T14:45:01.220822+00:00,True,51,0
logs\diagnostic_v0_20260625_144449.md,640,2026-06-25T14:45:01.221827+00:00,False,,
logs\diagnostic_v0_20260625_144601.jsonl,51657,2026-06-25T14:46:14.160263+00:00,True,51,0
logs\diagnostic_v0_20260625_144601.md,601,2026-06-25T14:46:14.161275+00:00,False,,
logs\diagnostic_v0_20260625_145247.jsonl,20805,2026-06-25T14:52:50.065958+00:00,True,50,0
logs\diagnostic_v0_20260625_145247.md,787,2026-06-25T14:52:50.066464+00:00,False,,
logs\live_run_20260625_172215.jsonl,52520,2026-06-25T18:53:15.011028+00:00,True,180,0
logs\live_run_20260625_185333.jsonl,38927,2026-06-25T19:43:39.691235+00:00,True,100,0
logs\live_run_20260625_190228.jsonl,454,2026-06-25T19:03:20.785074+00:00,True,1,0
logs\live_run_20260625_190338.jsonl,454,2026-06-25T19:04:29.656803+00:00,True,1,0
logs\live_run_20260625_190447.jsonl,454,2026-06-25T19:05:36.151583+00:00,True,1,0
logs\live_run_20260625_194421.jsonl,16559,2026-06-25T20:02:35.631393+00:00,True,42,0
logs\live_run_20260625_200341.jsonl,11673,2026-06-25T20:19:44.821518+00:00,True,36,0
logs\live_run_20260625_202229.jsonl,13863,2026-06-25T20:43:24.765065+00:00,True,42,0
logs\live_run_20260625_204357.jsonl,59567,2026-06-25T22:07:58.355926+00:00,True,166,0
logs\live_run_20260625_220844.jsonl,123791,2026-06-26T00:03:42.829255+00:00,True,236,0
logs\live_run_20260626_000858.jsonl,20215,2026-06-26T00:26:39.804474+00:00,True,40,0
logs\live_run_20260626_002917.jsonl,5743,2026-06-26T00:34:00.496434+00:00,True,13,0
logs\live_run_20260626_003719.jsonl,744,2026-06-26T00:37:20.450774+00:00,True,1,0
logs\live_run_20260626_003733.jsonl,744,2026-06-26T00:37:34.643460+00:00,True,1,0
logs\live_run_20260626_003937.jsonl,744,2026-06-26T00:39:38.520515+00:00,True,1,0
logs\live_run_20260626_004003.jsonl,744,2026-06-26T00:40:04.312248+00:00,True,1,0
logs\live_run_20260626_004202.jsonl,744,2026-06-26T00:42:03.523544+00:00,True,1,0
logs\live_run_20260626_004439.jsonl,744,2026-06-26T00:44:40.276708+00:00,True,1,0
logs\live_run_20260626_004721.jsonl,744,2026-06-26T00:47:21.586663+00:00,True,1,0
logs\live_run_20260626_005029.jsonl,743,2026-06-26T00:50:30.568153+00:00,True,1,0
logs\live_run_20260626_005106.jsonl,743,2026-06-26T00:51:06.587588+00:00,True,1,0
logs\live_run_20260626_005131.jsonl,743,2026-06-26T00:51:31.912385+00:00,True,1,0
logs\live_run_20260626_005205.jsonl,743,2026-06-26T00:52:06.064908+00:00,True,1,0
logs\live_run_20260626_005431.jsonl,744,2026-06-26T00:54:32.426398+00:00,True,1,0
logs\live_run_20260626_005601.jsonl,743,2026-06-26T00:56:01.768152+00:00,True,1,0
logs\live_run_20260626_005907.jsonl,743,2026-06-26T00:59:08.041424+00:00,True,1,0
logs\live_run_20260626_012926.jsonl,743,2026-06-26T01:29:27.708157+00:00,True,1,0
logs\live_run_20260626_014158.jsonl,744,2026-06-26T01:41:58.737064+00:00,True,1,0
logs\live_run_20260626_015722.jsonl,744,2026-06-26T01:57:23.229833+00:00,True,1,0
logs\live_run_20260626_020353.jsonl,744,2026-06-26T02:03:53.993306+00:00,True,1,0
logs\live_run_20260626_020508.jsonl,744,2026-06-26T02:05:09.541429+00:00,True,1,0
logs\live_run_20260626_020652.jsonl,744,2026-06-26T02:06:52.943049+00:00,True,1,0
logs\live_run_20260626_020947.jsonl,744,2026-06-26T02:09:47.703706+00:00,True,1,0
logs\live_run_20260626_021821.jsonl,744,2026-06-26T02:18:22.958957+00:00,True,1,0
logs\live_run_20260626_021914.jsonl,744,2026-06-26T02:19:15.398700+00:00,True,1,0
logs\live_run_20260626_022646.jsonl,744,2026-06-26T02:26:46.860243+00:00,True,1,0
logs\live_run_20260626_022707.jsonl,744,2026-06-26T02:27:08.679595+00:00,True,1,0
logs\live_run_20260626_083252.jsonl,744,2026-06-26T08:32:53.546363+00:00,True,1,0
logs\live_run_20260626_083513.jsonl,744,2026-06-26T08:35:14.505625+00:00,True,1,0
logs\live_run_20260626_084801.jsonl,744,2026-06-26T08:48:01.642122+00:00,True,1,0
logs\live_run_20260626_084853.jsonl,743,2026-06-26T08:48:54.070102+00:00,True,1,0
logs\live_run_20260626_084945.jsonl,744,2026-06-26T08:49:46.596494+00:00,True,1,0
logs\live_run_20260626_085754.jsonl,743,2026-06-26T08:57:54.564221+00:00,True,1,0
logs\live_run_20260626_085914.jsonl,743,2026-06-26T08:59:14.931815+00:00,True,1,0
logs\live_run_20260626_090323.jsonl,744,2026-06-26T09:03:23.912887+00:00,True,1,0
logs\live_run_20260626_090613.jsonl,743,2026-06-26T09:06:14.435864+00:00,True,1,0
logs\live_run_20260626_090647.jsonl,743,2026-06-26T09:06:47.821900+00:00,True,1,0
logs\live_run_20260626_092734.jsonl,742,2026-06-26T09:27:35.054562+00:00,True,1,0
logs\live_run_20260626_093221.jsonl,743,2026-06-26T09:32:21.973851+00:00,True,1,0
logs\live_run_20260626_093459.jsonl,743,2026-06-26T09:34:59.692161+00:00,True,1,0
logs\live_run_20260626_095631.jsonl,743,2026-06-26T09:56:31.912321+00:00,True,1,0
logs\live_run_20260626_095745.jsonl,743,2026-06-26T09:57:45.658581+00:00,True,1,0
logs\live_run_20260626_100232.jsonl,743,2026-06-26T10:02:33.546886+00:00,True,1,0
logs\live_run_20260626_100254.jsonl,743,2026-06-26T10:02:55.281056+00:00,True,1,0
logs\live_run_20260626_100727.jsonl,743,2026-06-26T10:07:28.632912+00:00,True,1,0
logs\live_run_20260626_101912.jsonl,743,2026-06-26T10:19:13.610151+00:00,True,1,0
logs\live_run_20260626_102517.jsonl,743,2026-06-26T10:25:18.425884+00:00,True,1,0
logs\live_run_20260626_102716.jsonl,743,2026-06-26T10:27:17.283322+00:00,True,1,0
logs\live_run_20260626_103031.jsonl,743,2026-06-26T10:30:32.335008+00:00,True,1,0
logs\live_run_20260626_103115.jsonl,743,2026-06-26T10:31:16.622801+00:00,True,1,0
logs\live_run_20260626_103202.jsonl,743,2026-06-26T10:32:02.990994+00:00,True,1,0
logs\live_run_20260626_103331.jsonl,5366,2026-06-26T10:34:54.128327+00:00,True,4,0
logs\live_run_20260626_104648.jsonl,743,2026-06-26T10:46:49.641504+00:00,True,1,0
logs\live_run_20260626_110354.jsonl,743,2026-06-26T11:03:55.882546+00:00,True,1,0
logs\live_run_20260626_111124.jsonl,743,2026-06-26T11:11:25.405902+00:00,True,1,0
logs\live_run_20260626_112330.jsonl,743,2026-06-26T11:23:31.056143+00:00,True,1,0
logs\live_run_20260626_112337.jsonl,743,2026-06-26T11:23:38.313335+00:00,True,1,0
logs\live_run_20260626_113926.jsonl,743,2026-06-26T11:39:27.389008+00:00,True,1,0
logs\live_run_20260626_114021.jsonl,743,2026-06-26T11:40:21.889396+00:00,True,1,0
logs\live_run_20260626_114302.jsonl,743,2026-06-26T11:43:03.411092+00:00,True,1,0
logs\live_run_20260626_114519.jsonl,743,2026-06-26T11:45:19.837459+00:00,True,1,0
logs\live_run_20260626_114922.jsonl,743,2026-06-26T11:49:23.077195+00:00,True,1,0
logs\live_run_20260626_115121.jsonl,743,2026-06-26T11:51:22.523584+00:00,True,1,0
logs\live_run_20260626_115332.jsonl,743,2026-06-26T11:53:32.928268+00:00,True,1,0
logs\live_run_20260626_115720.jsonl,743,2026-06-26T11:57:20.829326+00:00,True,1,0
logs\live_run_20260626_121805.jsonl,743,2026-06-26T12:18:06.816515+00:00,True,1,0
logs\live_run_20260626_122537.jsonl,742,2026-06-26T12:25:38.646397+00:00,True,1,0
logs\live_run_20260626_123043.jsonl,743,2026-06-26T12:30:44.451731+00:00,True,1,0
logs\live_run_20260626_124332.jsonl,743,2026-06-26T12:43:33.475552+00:00,True,1,0
logs\live_run_20260626_130546.jsonl,743,2026-06-26T13:05:47.179272+00:00,True,1,0
logs\live_run_20260626_131452.jsonl,743,2026-06-26T13:14:52.941934+00:00,True,1,0
logs\live_run_20260626_132003.jsonl,743,2026-06-26T13:20:03.781235+00:00,True,1,0
logs\live_run_20260626_132200.jsonl,743,2026-06-26T13:22:00.526541+00:00,True,1,0
logs\live_run_20260626_132937.jsonl,743,2026-06-26T13:29:38.100921+00:00,True,1,0
logs\live_run_20260626_133343.jsonl,743,2026-06-26T13:33:44.319980+00:00,True,1,0
logs\live_run_20260626_133803.jsonl,743,2026-06-26T13:38:04.414217+00:00,True,1,0
logs\live_run_20260626_135714.jsonl,744,2026-06-26T13:57:15.506723+00:00,True,1,0
logs\live_run_20260626_140604.jsonl,744,2026-06-26T14:06:05.592366+00:00,True,1,0
logs\live_run_20260626_140904.jsonl,744,2026-06-26T14:09:04.742187+00:00,True,1,0
logs\live_run_20260626_141022.jsonl,743,2026-06-26T14:10:23.073848+00:00,True,1,0
logs\live_run_20260626_141641.jsonl,743,2026-06-26T14:16:42.115858+00:00,True,1,0
logs\live_run_20260626_141947.jsonl,743,2026-06-26T14:19:48.718387+00:00,True,1,0
logs\live_run_20260626_142141.jsonl,743,2026-06-26T14:21:42.764725+00:00,True,1,0
logs\live_run_20260626_142330.jsonl,742,2026-06-26T14:23:31.073592+00:00,True,1,0
logs\live_run_20260626_142502.jsonl,743,2026-06-26T14:25:03.323398+00:00,True,1,0
logs\live_run_20260626_143132.jsonl,743,2026-06-26T14:31:33.754147+00:00,True,1,0
logs\live_run_20260626_143331.jsonl,743,2026-06-26T14:33:32.620081+00:00,True,1,0
logs\live_run_20260626_144926.jsonl,743,2026-06-26T14:49:26.749160+00:00,True,1,0
logs\live_run_20260626_145707.jsonl,744,2026-06-26T14:57:08.557686+00:00,True,1,0
logs\live_run_20260626_151033.jsonl,744,2026-06-26T15:10:34.705343+00:00,True,1,0
logs\live_run_20260626_151701.jsonl,744,2026-06-26T15:17:02.397926+00:00,True,1,0
logs\live_run_20260626_152523.jsonl,744,2026-06-26T15:25:24.378489+00:00,True,1,0
logs\live_run_20260626_152626.jsonl,744,2026-06-26T15:26:27.068134+00:00,True,1,0
logs\live_run_20260626_153014.jsonl,744,2026-06-26T15:30:15.129666+00:00,True,1,0
logs\live_run_20260626_153339.jsonl,744,2026-06-26T15:33:40.105081+00:00,True,1,0
logs\live_run_20260626_154207.jsonl,744,2026-06-26T15:42:08.264189+00:00,True,1,0
logs\live_run_20260626_154438.jsonl,744,2026-06-26T15:44:39.732222+00:00,True,1,0
logs\live_run_20260626_154518.jsonl,744,2026-06-26T15:45:19.363473+00:00,True,1,0
logs\live_run_20260626_160027.jsonl,744,2026-06-26T16:00:28.258228+00:00,True,1,0
logs\live_run_20260626_160655.jsonl,744,2026-06-26T16:06:55.561856+00:00,True,1,0
logs\live_run_20260626_162032.jsonl,744,2026-06-26T16:20:32.880939+00:00,True,1,0
logs\live_run_20260626_173259.jsonl,744,2026-06-26T17:33:00.479842+00:00,True,1,0
logs\live_run_20260626_174240.jsonl,744,2026-06-26T17:42:41.098997+00:00,True,1,0
logs\live_run_20260626_174449.jsonl,744,2026-06-26T17:44:50.412826+00:00,True,1,0
logs\live_run_20260626_180026.jsonl,744,2026-06-26T18:00:27.530833+00:00,True,1,0
logs\live_run_20260626_180713.jsonl,744,2026-06-26T18:07:14.639457+00:00,True,1,0
logs\live_run_20260626_180755.jsonl,744,2026-06-26T18:07:56.219826+00:00,True,1,0
logs\live_run_20260626_182110.jsonl,743,2026-06-26T18:21:11.310113+00:00,True,1,0
logs\live_run_20260626_183045.jsonl,743,2026-06-26T18:30:45.654702+00:00,True,1,0
logs\live_run_20260626_183112.jsonl,743,2026-06-26T18:31:13.022658+00:00,True,1,0
logs\live_run_20260626_183609.jsonl,743,2026-06-26T18:36:10.335413+00:00,True,1,0
logs\live_run_20260626_183716.jsonl,743,2026-06-26T18:37:17.090990+00:00,True,1,0
logs\live_run_20260626_184855.jsonl,744,2026-06-26T18:48:56.402175+00:00,True,1,0
logs\live_run_20260626_185659.jsonl,743,2026-06-26T18:57:00.143686+00:00,True,1,0
logs\live_run_20260626_191307.jsonl,744,2026-06-26T19:13:08.727586+00:00,True,1,0
logs\live_run_20260626_192414.jsonl,744,2026-06-26T19:24:14.988741+00:00,True,1,0
logs\live_run_20260626_192706.jsonl,744,2026-06-26T19:27:07.348530+00:00,True,1,0
logs\live_run_20260626_192941.jsonl,591746,2026-06-26T19:34:12.787058+00:00,True,205,0
logs\live_run_20260626_193417.jsonl,591745,2026-06-26T19:34:18.174507+00:00,True,205,0
logs\live_run_20260626_193421.jsonl,591144,2026-06-26T19:34:23.163713+00:00,True,205,0
logs\live_run_20260626_193426.jsonl,592347,2026-06-26T19:34:27.287833+00:00,True,205,0
logs\live_run_20260626_193430.jsonl,592347,2026-06-26T19:34:32.029635+00:00,True,205,0
logs\live_run_20260626_193435.jsonl,592347,2026-06-26T19:34:36.534509+00:00,True,205,0
logs\live_run_20260626_193440.jsonl,592347,2026-06-26T19:34:41.222080+00:00,True,205,0
logs\live_run_20260626_193444.jsonl,592347,2026-06-26T19:34:45.798161+00:00,True,205,0
logs\live_run_20260626_193448.jsonl,592347,2026-06-26T19:34:50.309058+00:00,True,205,0
logs\live_run_20260626_193453.jsonl,591745,2026-06-26T19:34:54.897767+00:00,True,205,0
logs\live_run_20260626_193458.jsonl,591745,2026-06-26T19:34:59.666835+00:00,True,205,0
logs\live_run_20260626_193502.jsonl,591745,2026-06-26T19:35:04.134175+00:00,True,205,0
logs\live_run_20260626_193507.jsonl,591745,2026-06-26T19:35:08.763866+00:00,True,205,0
logs\live_run_20260626_193511.jsonl,591745,2026-06-26T19:35:13.090869+00:00,True,205,0
logs\live_run_20260626_193516.jsonl,592347,2026-06-26T19:35:17.860608+00:00,True,205,0
logs\live_run_20260626_193521.jsonl,590546,2026-06-26T19:35:22.575532+00:00,True,205,0
logs\live_run_20260626_193525.jsonl,592347,2026-06-26T19:35:27.198219+00:00,True,205,0
logs\live_run_20260626_193530.jsonl,591745,2026-06-26T19:35:31.708058+00:00,True,205,0
logs\live_run_20260626_193535.jsonl,592347,2026-06-26T19:35:36.337953+00:00,True,205,0
logs\live_run_20260626_193539.jsonl,592347,2026-06-26T19:35:40.718786+00:00,True,205,0
logs\live_run_20260626_193544.jsonl,592347,2026-06-26T19:35:46.341294+00:00,True,205,0
logs\live_run_20260626_193551.jsonl,592347,2026-06-26T19:35:52.725359+00:00,True,205,0
logs\live_run_20260626_193555.jsonl,592347,2026-06-26T19:35:57.123573+00:00,True,205,0
logs\live_run_20260626_193600.jsonl,591745,2026-06-26T19:36:01.752151+00:00,True,205,0
logs\live_run_20260626_193604.jsonl,591745,2026-06-26T19:36:06.271949+00:00,True,205,0
logs\live_run_20260626_193609.jsonl,589944,2026-06-26T19:36:11.130054+00:00,True,205,0
logs\live_run_20260626_193613.jsonl,591746,2026-06-26T19:36:15.135310+00:00,True,205,0
logs\live_run_20260626_193618.jsonl,591144,2026-06-26T19:36:19.752954+00:00,True,205,0
logs\live_run_20260626_193623.jsonl,589343,2026-06-26T19:36:24.290225+00:00,True,205,0
logs\live_run_20260626_193627.jsonl,591745,2026-06-26T19:36:28.592552+00:00,True,205,0
logs\live_run_20260626_193631.jsonl,591745,2026-06-26T19:36:33.000019+00:00,True,205,0
logs\live_run_20260626_193636.jsonl,591745,2026-06-26T19:36:37.594398+00:00,True,205,0
logs\live_run_20260626_193640.jsonl,589343,2026-06-26T19:36:41.817697+00:00,True,205,0
logs\live_run_20260626_193645.jsonl,589944,2026-06-26T19:36:46.379162+00:00,True,205,0
logs\live_run_20260626_193649.jsonl,589343,2026-06-26T19:36:50.937587+00:00,True,205,0
logs\live_run_20260626_193654.jsonl,590546,2026-06-26T19:36:55.390605+00:00,True,205,0
logs\live_run_20260626_193658.jsonl,590546,2026-06-26T19:37:09.234204+00:00,True,205,0
logs\live_run_20260626_193711.jsonl,744,2026-06-26T19:37:12.197349+00:00,True,1,0
logs\live_run_20260626_193724.jsonl,590546,2026-06-26T19:37:38.692998+00:00,True,205,0
logs\live_run_20260626_193744.jsonl,592347,2026-06-26T19:37:46.065172+00:00,True,205,0
logs\live_run_20260626_193750.jsonl,590546,2026-06-26T19:37:51.893489+00:00,True,205,0
logs\live_run_20260626_193755.jsonl,592347,2026-06-26T19:37:57.503362+00:00,True,205,0
logs\live_run_20260626_193802.jsonl,592347,2026-06-26T19:38:03.515681+00:00,True,205,0
logs\live_run_20260626_193807.jsonl,590546,2026-06-26T19:38:08.464901+00:00,True,205,0
logs\live_run_20260626_193811.jsonl,592347,2026-06-26T19:38:14.143365+00:00,True,205,0
logs\live_run_20260626_193819.jsonl,592347,2026-06-26T19:38:21.368502+00:00,True,205,0
logs\live_run_20260626_193823.jsonl,592347,2026-06-26T19:38:24.864522+00:00,True,205,0
logs\live_run_20260626_193828.jsonl,590546,2026-06-26T19:38:29.576883+00:00,True,205,0
logs\live_run_20260626_193832.jsonl,592347,2026-06-26T19:38:46.616928+00:00,True,205,0
logs\live_run_20260626_193953.jsonl,744,2026-06-26T19:39:54.094320+00:00,True,1,0
logs\live_run_20260626_194033.jsonl,744,2026-06-26T19:40:34.313457+00:00,True,1,0
logs\live_run_20260626_194122.jsonl,744,2026-06-26T19:41:23.139416+00:00,True,1,0
logs\live_run_20260626_194155.jsonl,743,2026-06-26T19:41:56.130527+00:00,True,1,0
logs\live_run_20260626_194245.jsonl,743,2026-06-26T19:42:46.025213+00:00,True,1,0
logs\live_run_20260626_194327.jsonl,743,2026-06-26T19:43:28.228466+00:00,True,1,0
logs\live_runner_stderr_20260625_182213.log,0,2026-06-25T17:22:13.229770+00:00,True,,
logs\live_runner_stderr_20260625_195331.log,0,2026-06-25T18:53:31.953102+00:00,True,,
logs\live_runner_stderr_20260625_204419.log,0,2026-06-25T19:44:19.562554+00:00,True,,
logs\live_runner_stderr_20260625_210340.log,0,2026-06-25T20:03:40.163296+00:00,True,,
logs\live_runner_stderr_20260625_212227.log,0,2026-06-25T20:22:27.539541+00:00,True,,
logs\live_runner_stderr_20260625_214356.log,0,2026-06-25T20:43:56.366992+00:00,True,,
logs\live_runner_stderr_20260625_230843.log,0,2026-06-25T22:08:43.489484+00:00,True,,
logs\live_runner_stderr_20260626_010856.log,0,2026-06-26T00:08:56.579941+00:00,True,,
logs\live_runner_stderr_20260626_012916.log,0,2026-06-26T00:29:16.109337+00:00,True,,
logs\live_runner_stdout_20260625_182213.log,0,2026-06-25T17:22:13.228640+00:00,True,,
logs\live_runner_stdout_20260625_195331.log,0,2026-06-25T18:53:31.952096+00:00,True,,
logs\live_runner_stdout_20260625_204419.log,0,2026-06-25T19:44:19.561554+00:00,True,,
logs\live_runner_stdout_20260625_210340.log,0,2026-06-25T20:03:40.162942+00:00,True,,
logs\live_runner_stdout_20260625_212227.log,0,2026-06-25T20:22:27.538376+00:00,True,,
logs\live_runner_stdout_20260625_214356.log,0,2026-06-25T20:43:56.366992+00:00,True,,
logs\live_runner_stdout_20260625_230843.log,0,2026-06-25T22:08:43.488483+00:00,True,,
logs\live_runner_stdout_20260626_010856.log,0,2026-06-26T00:08:56.579941+00:00,True,,
logs\live_runner_stdout_20260626_012916.log,0,2026-06-26T00:29:16.109337+00:00,True,,
logs\loop_batch_20260625_152418.json,2599,2026-06-25T14:24:18.198403+00:00,True,,
logs\loop_batch_20260625_152418_summary.json,14272,2026-06-25T14:24:46.305770+00:00,True,,
logs\loop_iterations_06240825.jsonl,11022,2026-06-25T23:22:46.346876+00:00,True,10,0
logs\loop_iterations_0b426c4d.jsonl,11135,2026-06-25T23:02:04.030262+00:00,True,10,0
logs\loop_iterations_0e77f782.jsonl,9766,2026-06-25T14:14:36.484055+00:00,True,10,0
logs\loop_iterations_1087203b.jsonl,9399,2026-06-25T14:21:11.581558+00:00,True,10,0
logs\loop_iterations_1495bb3c.jsonl,1519,2026-06-25T11:45:13.352314+00:00,True,5,0
logs\loop_iterations_196226e1.jsonl,10719,2026-06-25T23:17:10.911786+00:00,True,10,0
logs\loop_iterations_1c9299d5.jsonl,9420,2026-06-25T14:16:10.090979+00:00,True,10,0
logs\loop_iterations_2158d7d4.jsonl,11194,2026-06-25T22:53:55.368146+00:00,True,10,0
logs\loop_iterations_245c689f.jsonl,295,2026-06-25T23:11:15.288392+00:00,True,2,0
logs\loop_iterations_27afbd94.jsonl,9480,2026-06-25T14:11:45.192499+00:00,True,10,0
logs\loop_iterations_288ab6b8.jsonl,1916,2026-06-25T12:08:09.450048+00:00,True,7,0
logs\loop_iterations_2d47fa90.jsonl,11115,2026-06-25T22:58:00.094093+00:00,True,10,0
logs\loop_iterations_30021ae2.jsonl,4878,2026-06-25T12:10:07.058845+00:00,True,10,0
logs\loop_iterations_46af7531.jsonl,5446,2026-06-25T13:26:37.766994+00:00,True,10,0
logs\loop_iterations_4caa41ff.jsonl,10978,2026-06-25T23:25:42.595936+00:00,True,10,0
logs\loop_iterations_4f00b926.jsonl,5159,2026-06-25T13:29:10.441825+00:00,True,10,0
logs\loop_iterations_54e99a84.jsonl,11307,2026-06-25T23:07:00.369955+00:00,True,10,0
logs\loop_iterations_5f1e9d24.jsonl,9927,2026-06-25T14:08:21.284585+00:00,True,10,0
logs\loop_iterations_642461be.jsonl,11253,2026-06-25T22:51:53.904130+00:00,True,10,0
logs\loop_iterations_65c74434.jsonl,10661,2026-06-25T23:38:30.551327+00:00,True,10,0
logs\loop_iterations_6f0d826c.jsonl,9425,2026-06-25T14:13:52.820685+00:00,True,10,0
logs\loop_iterations_72207e1a.jsonl,9600,2026-06-25T14:22:54.467987+00:00,True,10,0
logs\loop_iterations_7249872b.jsonl,10715,2026-06-25T23:40:56.225994+00:00,True,10,0
logs\loop_iterations_776260b3.jsonl,11149,2026-06-25T22:50:02.753554+00:00,True,10,0
logs\loop_iterations_87ff6a10.jsonl,10957,2026-06-25T23:28:31.079246+00:00,True,10,0
logs\loop_iterations_8c38a0a4.jsonl,9722,2026-06-25T14:17:26.060966+00:00,True,10,0
logs\loop_iterations_8dc51573.jsonl,496,2026-06-25T12:01:02.216032+00:00,True,3,0
logs\loop_iterations_90019994.jsonl,9871,2026-06-25T14:18:20.939215+00:00,True,10,0
logs\loop_iterations_910f7cf9.jsonl,11298,2026-06-25T23:04:04.833707+00:00,True,10,0
logs\loop_iterations_a35783c0.jsonl,10725,2026-06-25T23:19:26.709905+00:00,True,10,0
logs\loop_iterations_a65041ff.jsonl,10795,2026-06-25T23:14:14.258007+00:00,True,10,0
logs\loop_iterations_a77f5bdf.jsonl,11131,2026-06-25T22:56:06.013563+00:00,True,10,0
logs\loop_iterations_b2822cd9.jsonl,9555,2026-06-25T14:24:14.603808+00:00,True,10,0
logs\loop_iterations_b2e2426d.jsonl,11131,2026-06-25T22:59:53.315668+00:00,True,10,0
logs\loop_iterations_b63cfa2f.jsonl,10941,2026-06-25T22:48:08.388833+00:00,True,10,0
logs\loop_iterations_c98a858c.jsonl,9955,2026-06-25T14:19:57.331048+00:00,True,10,0
logs\loop_iterations_cea70ca9.jsonl,10819,2026-06-25T23:31:19.482835+00:00,True,10,0
logs\loop_iterations_dd98fabd.jsonl,10809,2026-06-25T23:33:46.626678+00:00,True,10,0
logs\loop_iterations_ef03fdaa.jsonl,4878,2026-06-25T13:13:38.526202+00:00,True,10,0
logs\loop_iterations_fad9d3aa.jsonl,10840,2026-06-25T23:36:15.220460+00:00,True,10,0
logs\nvidia_diagnostic_20260625_123209.json,3051,2026-06-25T12:38:28.217235+00:00,True,,
logs\nvidia_diagnostic_20260625_123209.jsonl,2507,2026-06-25T12:38:14.967418+00:00,True,4,0
logs\nvidia_diagnostic_20260625_131409.json,6520,2026-06-25T13:20:16.636243+00:00,True,,
logs\nvidia_diagnostic_20260625_131409.jsonl,5976,2026-06-25T13:20:16.635244+00:00,True,4,0
logs\nvidia_experiments_20260625_122352.json,4388,2026-06-25T12:29:57.999882+00:00,True,,
logs\nvidia_experiments_20260625_122352.jsonl,3844,2026-06-25T12:29:57.999882+00:00,True,4,0
logs\profit_harvester_20260626_003719.jsonl,0,2026-06-26T00:37:20.450774+00:00,True,0,0
logs\profit_harvester_20260626_003733.jsonl,15319,2026-06-26T00:37:34.853403+00:00,True,8,0
logs\profit_harvester_20260626_003937.jsonl,16447,2026-06-26T00:39:38.631519+00:00,True,11,0
logs\profit_harvester_20260626_004003.jsonl,370587,2026-06-26T00:40:51.718855+00:00,True,303,0
logs\profit_harvester_20260626_004202.jsonl,320401,2026-06-26T00:44:37.146468+00:00,True,444,0
logs\profit_harvester_20260626_004439.jsonl,148711,2026-06-26T00:46:02.281269+00:00,True,111,0
logs\profit_harvester_20260626_004721.jsonl,266393,2026-06-26T00:49:49.893144+00:00,True,281,0
logs\profit_harvester_20260626_005029.jsonl,8775,2026-06-26T00:50:30.595621+00:00,True,5,0
logs\profit_harvester_20260626_005106.jsonl,9001,2026-06-26T00:51:06.626972+00:00,True,5,0
logs\profit_harvester_20260626_005131.jsonl,7457,2026-06-26T00:51:31.969985+00:00,True,4,0
logs\profit_harvester_20260626_005205.jsonl,255875,2026-06-26T00:53:55.407165+00:00,True,288,0
logs\profit_harvester_20260626_005431.jsonl,12309,2026-06-26T00:54:32.530197+00:00,True,6,0
logs\profit_harvester_20260626_005601.jsonl,314515,2026-06-26T00:58:50.316566+00:00,True,323,0
logs\profit_harvester_20260626_005907.jsonl,3331550,2026-06-26T01:29:24.434365+00:00,True,4622,0
logs\profit_harvester_20260626_012926.jsonl,1776615,2026-06-26T01:41:55.910954+00:00,True,3659,0
logs\profit_harvester_20260626_014158.jsonl,2567286,2026-06-26T01:57:19.853961+00:00,True,6094,0
logs\profit_harvester_20260626_015722.jsonl,1021060,2026-06-26T02:03:50.763440+00:00,True,2251,0
logs\profit_harvester_20260626_020353.jsonl,195588,2026-06-26T02:05:06.591340+00:00,True,427,0
logs\profit_harvester_20260626_020508.jsonl,268870,2026-06-26T02:06:50.221939+00:00,True,589,0
logs\profit_harvester_20260626_020652.jsonl,465968,2026-06-26T02:09:44.988297+00:00,True,1003,0
logs\profit_harvester_20260626_020947.jsonl,1348464,2026-06-26T02:18:19.870891+00:00,True,2971,0
logs\profit_harvester_20260626_021822.jsonl,135821,2026-06-26T02:19:12.707050+00:00,True,295,0
logs\profit_harvester_20260626_021914.jsonl,1089782,2026-06-26T02:26:44.133377+00:00,True,2401,0
logs\profit_harvester_20260626_022646.jsonl,57017,2026-06-26T02:27:06.451335+00:00,True,121,0
logs\profit_harvester_20260626_022708.jsonl,4847415,2026-06-26T08:32:35.688337+00:00,True,3469,0
logs\profit_harvester_20260626_083252.jsonl,356508,2026-06-26T08:35:09.025305+00:00,True,662,0
logs\profit_harvester_20260626_083513.jsonl,1858748,2026-06-26T08:47:59.054449+00:00,True,3565,0
logs\profit_harvester_20260626_084801.jsonl,116831,2026-06-26T08:48:51.312783+00:00,True,197,0
logs\profit_harvester_20260626_084853.jsonl,116647,2026-06-26T08:49:43.756772+00:00,True,197,0
logs\profit_harvester_20260626_084945.jsonl,1096005,2026-06-26T08:57:51.321326+00:00,True,1881,0
logs\profit_harvester_20260626_085754.jsonl,180358,2026-06-26T08:59:12.980925+00:00,True,308,0
logs\profit_harvester_20260626_085914.jsonl,590069,2026-06-26T09:03:21.088562+00:00,True,1099,0
logs\profit_harvester_20260626_090323.jsonl,389156,2026-06-26T09:06:06.391308+00:00,True,716,0
logs\profit_harvester_20260626_090613.jsonl,74835,2026-06-26T09:06:45.663094+00:00,True,125,0
logs\profit_harvester_20260626_090647.jsonl,2860316,2026-06-26T09:27:32.120391+00:00,True,5081,0
logs\profit_harvester_20260626_092734.jsonl,640368,2026-06-26T09:32:18.985690+00:00,True,1086,0
logs\profit_harvester_20260626_093221.jsonl,337809,2026-06-26T09:34:56.882458+00:00,True,519,0
logs\profit_harvester_20260626_093459.jsonl,2464967,2026-06-26T09:56:29.224247+00:00,True,2739,0
logs\profit_harvester_20260626_095631.jsonl,150759,2026-06-26T09:57:43.083852+00:00,True,211,0
logs\profit_harvester_20260626_095745.jsonl,590446,2026-06-26T10:02:31.311575+00:00,True,835,0
logs\profit_harvester_20260626_100232.jsonl,42821,2026-06-26T10:02:52.095686+00:00,True,58,0
logs\profit_harvester_20260626_100254.jsonl,558403,2026-06-26T10:07:25.719945+00:00,True,790,0
logs\profit_harvester_20260626_100727.jsonl,1444627,2026-06-26T10:19:10.522296+00:00,True,2047,0
logs\profit_harvester_20260626_101913.jsonl,811214,2026-06-26T10:25:15.293216+00:00,True,1374,0
logs\profit_harvester_20260626_102517.jsonl,264206,2026-06-26T10:27:14.044865+00:00,True,453,0
logs\profit_harvester_20260626_102716.jsonl,435805,2026-06-26T10:30:29.519031+00:00,True,749,0
logs\profit_harvester_20260626_103031.jsonl,97589,2026-06-26T10:31:13.693797+00:00,True,165,0
logs\profit_harvester_20260626_103116.jsonl,102348,2026-06-26T10:32:00.068930+00:00,True,173,0
logs\profit_harvester_20260626_103202.jsonl,197254,2026-06-26T10:33:28.950162+00:00,True,337,0
logs\profit_harvester_20260626_103331.jsonl,1924268,2026-06-26T10:46:46.617461+00:00,True,3729,0
logs\profit_harvester_20260626_104648.jsonl,2470685,2026-06-26T11:03:52.626925+00:00,True,4799,0
logs\profit_harvester_20260626_110354.jsonl,1089124,2026-06-26T11:11:22.327972+00:00,True,2121,0
logs\profit_harvester_20260626_111124.jsonl,1762342,2026-06-26T11:23:27.610229+00:00,True,3496,0
logs\profit_harvester_20260626_112330.jsonl,15249,2026-06-26T11:23:35.227187+00:00,True,26,0
logs\profit_harvester_20260626_112337.jsonl,2307780,2026-06-26T11:39:24.232458+00:00,True,4567,0
logs\profit_harvester_20260626_113926.jsonl,130857,2026-06-26T11:40:19.034040+00:00,True,256,0
logs\profit_harvester_20260626_114021.jsonl,379680,2026-06-26T11:42:56.024007+00:00,True,751,0
logs\profit_harvester_20260626_114302.jsonl,329830,2026-06-26T11:45:16.892871+00:00,True,651,0
logs\profit_harvester_20260626_114519.jsonl,588313,2026-06-26T11:49:20.021824+00:00,True,1166,0
logs\profit_harvester_20260626_114922.jsonl,286842,2026-06-26T11:51:19.215303+00:00,True,566,0
logs\profit_harvester_20260626_115121.jsonl,328932,2026-06-26T11:53:30.042350+00:00,True,681,0
logs\profit_harvester_20260626_115332.jsonl,594450,2026-06-26T11:57:17.836736+00:00,True,1309,0
logs\profit_harvester_20260626_115720.jsonl,3035175,2026-06-26T12:18:03.802654+00:00,True,6054,0
logs\profit_harvester_20260626_121806.jsonl,1159421,2026-06-26T12:25:36.580671+00:00,True,2478,0
logs\profit_harvester_20260626_122538.jsonl,789298,2026-06-26T12:30:41.434138+00:00,True,1693,0
logs\profit_harvester_20260626_123043.jsonl,1985931,2026-06-26T12:43:30.635100+00:00,True,4293,0
logs\profit_harvester_20260626_124332.jsonl,3220493,2026-06-26T13:05:44.268999+00:00,True,6213,0
logs\profit_harvester_20260626_130546.jsonl,1194587,2026-06-26T13:14:49.982492+00:00,True,1936,0
logs\profit_harvester_20260626_131452.jsonl,711000,2026-06-26T13:20:00.760787+00:00,True,1260,0
logs\profit_harvester_20260626_132003.jsonl,285378,2026-06-26T13:21:57.709631+00:00,True,550,0
logs\profit_harvester_20260626_132200.jsonl,1109476,2026-06-26T13:29:34.773894+00:00,True,2155,0
logs\profit_harvester_20260626_132937.jsonl,595516,2026-06-26T13:33:41.100474+00:00,True,1181,0
logs\profit_harvester_20260626_133343.jsonl,618175,2026-06-26T13:38:01.029943+00:00,True,1226,0
logs\profit_harvester_20260626_133803.jsonl,3025045,2026-06-26T13:57:12.470643+00:00,True,5350,0
logs\profit_harvester_20260626_135714.jsonl,1111041,2026-06-26T14:06:00.631353+00:00,True,1575,0
logs\profit_harvester_20260626_140604.jsonl,427541,2026-06-26T14:09:01.600551+00:00,True,846,0
logs\profit_harvester_20260626_140904.jsonl,183608,2026-06-26T14:10:19.787257+00:00,True,361,0
logs\profit_harvester_20260626_141022.jsonl,865298,2026-06-26T14:16:39.158209+00:00,True,1551,0
logs\profit_harvester_20260626_141641.jsonl,374488,2026-06-26T14:19:45.802042+00:00,True,529,0
logs\profit_harvester_20260626_141947.jsonl,228830,2026-06-26T14:21:39.701515+00:00,True,322,0
logs\profit_harvester_20260626_142141.jsonl,218190,2026-06-26T14:23:28.176433+00:00,True,307,0
logs\profit_harvester_20260626_142330.jsonl,182455,2026-06-26T14:24:58.101008+00:00,True,256,0
logs\profit_harvester_20260626_142502.jsonl,865192,2026-06-26T14:31:29.937194+00:00,True,1486,0
logs\profit_harvester_20260626_143132.jsonl,259209,2026-06-26T14:33:29.496303+00:00,True,445,0
logs\profit_harvester_20260626_143331.jsonl,2372360,2026-06-26T14:49:24.142962+00:00,True,4899,0
logs\profit_harvester_20260626_144926.jsonl,1216987,2026-06-26T14:57:04.778954+00:00,True,2647,0
logs\profit_harvester_20260626_145707.jsonl,2056300,2026-06-26T15:10:31.544592+00:00,True,4499,0
logs\profit_harvester_20260626_151033.jsonl,1031957,2026-06-26T15:16:58.979672+00:00,True,2382,0
logs\profit_harvester_20260626_151701.jsonl,1374985,2026-06-26T15:25:21.118517+00:00,True,3298,0
logs\profit_harvester_20260626_152523.jsonl,168656,2026-06-26T15:26:23.493182+00:00,True,400,0
logs\profit_harvester_20260626_152626.jsonl,626186,2026-06-26T15:30:12.345995+00:00,True,1499,0
logs\profit_harvester_20260626_153014.jsonl,559599,2026-06-26T15:33:36.190073+00:00,True,1338,0
logs\profit_harvester_20260626_153339.jsonl,1392297,2026-06-26T15:42:05.204439+00:00,True,3340,0
logs\profit_harvester_20260626_154207.jsonl,414445,2026-06-26T15:44:37.249345+00:00,True,991,0
logs\profit_harvester_20260626_154438.jsonl,104593,2026-06-26T15:45:16.047978+00:00,True,246,0
logs\profit_harvester_20260626_154518.jsonl,2499377,2026-06-26T16:00:25.307089+00:00,True,6000,0
logs\profit_harvester_20260626_160027.jsonl,1065826,2026-06-26T16:06:53.693579+00:00,True,2556,0
logs\profit_harvester_20260626_160655.jsonl,2246558,2026-06-26T16:20:29.833972+00:00,True,5391,0
logs\profit_harvester_20260626_162032.jsonl,11925539,2026-06-26T17:32:57.080013+00:00,True,28483,0
logs\profit_harvester_20260626_173259.jsonl,1443871,2026-06-26T17:42:37.874149+00:00,True,3031,0
logs\profit_harvester_20260626_174240.jsonl,346930,2026-06-26T17:44:47.910147+00:00,True,794,0
logs\profit_harvester_20260626_174449.jsonl,2556648,2026-06-26T18:00:24.640542+00:00,True,6009,0
logs\profit_harvester_20260626_180026.jsonl,1083273,2026-06-26T18:07:11.422262+00:00,True,2494,0
logs\profit_harvester_20260626_180713.jsonl,113319,2026-06-26T18:07:53.618539+00:00,True,267,0
logs\profit_harvester_20260626_180755.jsonl,2296240,2026-06-26T18:21:08.220271+00:00,True,5171,0
logs\profit_harvester_20260626_182110.jsonl,1636987,2026-06-26T18:30:42.703400+00:00,True,3620,0
logs\profit_harvester_20260626_183045.jsonl,75754,2026-06-26T18:31:09.914126+00:00,True,169,0
logs\profit_harvester_20260626_183112.jsonl,877471,2026-06-26T18:36:07.292503+00:00,True,1961,0
logs\profit_harvester_20260626_183609.jsonl,184728,2026-06-26T18:37:12.785846+00:00,True,407,0
logs\profit_harvester_20260626_183716.jsonl,2152220,2026-06-26T18:48:53.180531+00:00,True,4524,0
logs\profit_harvester_20260626_184855.jsonl,1547396,2026-06-26T18:56:57.212923+00:00,True,2989,0
logs\profit_harvester_20260626_185659.jsonl,3061629,2026-06-26T19:13:05.924188+00:00,True,6074,0
logs\profit_harvester_20260626_191308.jsonl,1952794,2026-06-26T19:24:11.899507+00:00,True,4240,0
logs\profit_harvester_20260626_192414.jsonl,464856,2026-06-26T19:27:04.429506+00:00,True,967,0
logs\profit_harvester_20260626_192706.jsonl,416190,2026-06-26T19:29:39.534984+00:00,True,871,0
logs\profit_harvester_20260626_192941.jsonl,752136,2026-06-26T19:34:12.789083+00:00,True,1534,0
logs\profit_harvester_20260626_193417.jsonl,2815,2026-06-26T19:34:18.175617+00:00,True,2,0
logs\profit_harvester_20260626_193421.jsonl,2815,2026-06-26T19:34:23.164718+00:00,True,2,0
logs\profit_harvester_20260626_193426.jsonl,2815,2026-06-26T19:34:27.289933+00:00,True,2,0
logs\profit_harvester_20260626_193430.jsonl,2815,2026-06-26T19:34:32.029635+00:00,True,2,0
logs\profit_harvester_20260626_193435.jsonl,2815,2026-06-26T19:34:36.534509+00:00,True,2,0
logs\profit_harvester_20260626_193440.jsonl,2815,2026-06-26T19:34:41.222080+00:00,True,2,0
logs\profit_harvester_20260626_193444.jsonl,2815,2026-06-26T19:34:45.799158+00:00,True,2,0
logs\profit_harvester_20260626_193448.jsonl,2815,2026-06-26T19:34:50.310441+00:00,True,2,0
logs\profit_harvester_20260626_193453.jsonl,2815,2026-06-26T19:34:54.899272+00:00,True,2,0
logs\profit_harvester_20260626_193458.jsonl,2815,2026-06-26T19:34:59.668248+00:00,True,2,0
logs\profit_harvester_20260626_193502.jsonl,2815,2026-06-26T19:35:04.135213+00:00,True,2,0
logs\profit_harvester_20260626_193507.jsonl,2815,2026-06-26T19:35:08.764865+00:00,True,2,0
logs\profit_harvester_20260626_193511.jsonl,2815,2026-06-26T19:35:13.091869+00:00,True,2,0
logs\profit_harvester_20260626_193516.jsonl,2815,2026-06-26T19:35:17.861643+00:00,True,2,0
logs\profit_harvester_20260626_193521.jsonl,2815,2026-06-26T19:35:22.576589+00:00,True,2,0
logs\profit_harvester_20260626_193526.jsonl,2815,2026-06-26T19:35:27.199230+00:00,True,2,0
logs\profit_harvester_20260626_193530.jsonl,2815,2026-06-26T19:35:31.709081+00:00,True,2,0
logs\profit_harvester_20260626_193535.jsonl,2815,2026-06-26T19:35:36.338998+00:00,True,2,0
logs\profit_harvester_20260626_193539.jsonl,2815,2026-06-26T19:35:40.719789+00:00,True,2,0
logs\profit_harvester_20260626_193544.jsonl,5891,2026-06-26T19:35:46.342339+00:00,True,9,0
logs\profit_harvester_20260626_193551.jsonl,2815,2026-06-26T19:35:52.726360+00:00,True,2,0
logs\profit_harvester_20260626_193555.jsonl,2815,2026-06-26T19:35:57.124573+00:00,True,2,0
logs\profit_harvester_20260626_193600.jsonl,2815,2026-06-26T19:36:01.753156+00:00,True,2,0
logs\profit_harvester_20260626_193605.jsonl,2815,2026-06-26T19:36:06.272961+00:00,True,2,0
logs\profit_harvester_20260626_193609.jsonl,2815,2026-06-26T19:36:11.131088+00:00,True,2,0
logs\profit_harvester_20260626_193613.jsonl,2815,2026-06-26T19:36:15.136317+00:00,True,2,0
logs\profit_harvester_20260626_193618.jsonl,2815,2026-06-26T19:36:19.753988+00:00,True,2,0
logs\profit_harvester_20260626_193623.jsonl,2815,2026-06-26T19:36:24.291234+00:00,True,2,0
logs\profit_harvester_20260626_193627.jsonl,2815,2026-06-26T19:36:28.593552+00:00,True,2,0
logs\profit_harvester_20260626_193631.jsonl,2815,2026-06-26T19:36:33.001220+00:00,True,2,0
logs\profit_harvester_20260626_193636.jsonl,2815,2026-06-26T19:36:37.594398+00:00,True,2,0
logs\profit_harvester_20260626_193640.jsonl,2815,2026-06-26T19:36:41.818697+00:00,True,2,0
logs\profit_harvester_20260626_193645.jsonl,2815,2026-06-26T19:36:46.380196+00:00,True,2,0
logs\profit_harvester_20260626_193649.jsonl,2815,2026-06-26T19:36:50.938587+00:00,True,2,0
logs\profit_harvester_20260626_193654.jsonl,2815,2026-06-26T19:36:55.391605+00:00,True,2,0
logs\profit_harvester_20260626_193658.jsonl,30497,2026-06-26T19:37:09.235204+00:00,True,65,0
logs\profit_harvester_20260626_193711.jsonl,36501,2026-06-26T19:37:22.607455+00:00,True,78,0
logs\profit_harvester_20260626_193724.jsonl,39712,2026-06-26T19:37:38.693998+00:00,True,86,0
logs\profit_harvester_20260626_193744.jsonl,5888,2026-06-26T19:37:46.065172+00:00,True,9,0
logs\profit_harvester_20260626_193750.jsonl,2815,2026-06-26T19:37:51.893489+00:00,True,2,0
logs\profit_harvester_20260626_193755.jsonl,5887,2026-06-26T19:37:57.504364+00:00,True,9,0
logs\profit_harvester_20260626_193802.jsonl,2815,2026-06-26T19:38:03.516685+00:00,True,2,0
logs\profit_harvester_20260626_193807.jsonl,2815,2026-06-26T19:38:08.465911+00:00,True,2,0
logs\profit_harvester_20260626_193811.jsonl,5887,2026-06-26T19:38:14.144375+00:00,True,9,0
logs\profit_harvester_20260626_193819.jsonl,5890,2026-06-26T19:38:21.369502+00:00,True,9,0
logs\profit_harvester_20260626_193823.jsonl,2815,2026-06-26T19:38:24.865522+00:00,True,2,0
logs\profit_harvester_20260626_193828.jsonl,2815,2026-06-26T19:38:29.576883+00:00,True,2,0
logs\profit_harvester_20260626_193832.jsonl,39723,2026-06-26T19:38:46.618940+00:00,True,86,0
logs\profit_harvester_20260626_193953.jsonl,86326,2026-06-26T19:40:18.043959+00:00,True,193,0
logs\profit_harvester_20260626_194033.jsonl,105104,2026-06-26T19:41:03.461061+00:00,True,233,0
logs\profit_harvester_20260626_194122.jsonl,77103,2026-06-26T19:41:41.790244+00:00,True,153,0
logs\profit_harvester_20260626_194155.jsonl,127559,2026-06-26T19:42:27.293119+00:00,True,224,0
logs\profit_harvester_20260626_194245.jsonl,109063,2026-06-26T19:43:12.924619+00:00,True,190,0
logs\profit_harvester_20260626_194327.jsonl,19171020,2026-06-26T21:09:11.864216+00:00,True,38898,0
logs\profit_harvester_heartbeat.json,986,2026-06-26T21:09:12.916820+00:00,True,,
logs\profit_harvester_state.json,778,2026-06-26T21:09:12.913717+00:00,True,,
logs\profit_harvester_stderr_20260626_014002.log,0,2026-06-26T00:40:02.122411+00:00,True,,
logs\profit_harvester_stderr_20260626_014201.log,0,2026-06-26T00:42:01.250109+00:00,True,,
logs\profit_harvester_stderr_20260626_014438.log,0,2026-06-26T00:44:38.250127+00:00,True,,
logs\profit_harvester_stderr_manual_guard.log,0,2026-06-26T19:41:54.210981+00:00,True,,
logs\profit_harvester_stderr_manual_guard_final.log,0,2026-06-26T19:43:26.228559+00:00,True,,
logs\profit_harvester_stderr_manual_guard_single.log,0,2026-06-26T19:42:44.312036+00:00,True,,
logs\profit_harvester_stderr_watch_20260626_014719.log,0,2026-06-26T00:47:19.708497+00:00,True,,
logs\profit_harvester_stderr_watch_20260626_015203.log,0,2026-06-26T00:52:03.855001+00:00,True,,
logs\profit_harvester_stderr_watch_20260626_015559.log,0,2026-06-26T00:55:59.921717+00:00,True,,
logs\profit_harvester_stderr_watch_20260626_015905.log,0,2026-06-26T00:59:05.527743+00:00,True,,
logs\profit_harvester_stderr_watch_20260626_022925.log,0,2026-06-26T01:29:25.248179+00:00,True,,
logs\profit_harvester_stderr_watch_20260626_024156.log,0,2026-06-26T01:41:56.674953+00:00,True,,
logs\profit_harvester_stderr_watch_20260626_025720.log,0,2026-06-26T01:57:20.686527+00:00,True,,
logs\profit_harvester_stderr_watch_20260626_030351.log,0,2026-06-26T02:03:51.574061+00:00,True,,
logs\profit_harvester_stderr_watch_20260626_030507.log,0,2026-06-26T02:05:07.467817+00:00,True,,
logs\profit_harvester_stderr_watch_20260626_030651.log,0,2026-06-26T02:06:51.035429+00:00,True,,
logs\profit_harvester_stderr_watch_20260626_030945.log,0,2026-06-26T02:09:45.847045+00:00,True,,
logs\profit_harvester_stderr_watch_20260626_031820.log,0,2026-06-26T02:18:20.722463+00:00,True,,
logs\profit_harvester_stderr_watch_20260626_031913.log,0,2026-06-26T02:19:13.504140+00:00,True,,
logs\profit_harvester_stderr_watch_20260626_032644.log,0,2026-06-26T02:26:44.708998+00:00,True,,
logs\profit_harvester_stderr_watch_20260626_032707.log,0,2026-06-26T02:27:07.009724+00:00,True,,
logs\profit_harvester_stderr_watch_20260626_093251.log,0,2026-06-26T08:32:51.649948+00:00,True,,
logs\profit_harvester_stderr_watch_20260626_093509.log,0,2026-06-26T08:35:09.950644+00:00,True,,
logs\profit_harvester_stderr_watch_20260626_094759.log,0,2026-06-26T08:47:59.822671+00:00,True,,
logs\profit_harvester_stderr_watch_20260626_094852.log,0,2026-06-26T08:48:52.095423+00:00,True,,
logs\profit_harvester_stderr_watch_20260626_094944.log,0,2026-06-26T08:49:44.566890+00:00,True,,
logs\profit_harvester_stderr_watch_20260626_095752.log,0,2026-06-26T08:57:52.126981+00:00,True,,
logs\profit_harvester_stderr_watch_20260626_095913.log,0,2026-06-26T08:59:13.010857+00:00,True,,
logs\profit_harvester_stderr_watch_20260626_100321.log,0,2026-06-26T09:03:21.899665+00:00,True,,
logs\profit_harvester_stderr_watch_20260626_100607.log,0,2026-06-26T09:06:07.258936+00:00,True,,
logs\profit_harvester_stderr_watch_20260626_100645.log,0,2026-06-26T09:06:45.725727+00:00,True,,
logs\profit_harvester_stderr_watch_20260626_102733.log,0,2026-06-26T09:27:33.034168+00:00,True,,
logs\profit_harvester_stderr_watch_20260626_103219.log,0,2026-06-26T09:32:19.754835+00:00,True,,
logs\profit_harvester_stderr_watch_20260626_103457.log,0,2026-06-26T09:34:57.922885+00:00,True,,
logs\profit_harvester_stderr_watch_20260626_105630.log,0,2026-06-26T09:56:30.004192+00:00,True,,
logs\profit_harvester_stderr_watch_20260626_105743.log,0,2026-06-26T09:57:43.854827+00:00,True,,
logs\profit_harvester_stderr_watch_20260626_110231.log,0,2026-06-26T10:02:31.457274+00:00,True,,
logs\profit_harvester_stderr_watch_20260626_110252.log,0,2026-06-26T10:02:52.874125+00:00,True,,
logs\profit_harvester_stderr_watch_20260626_110726.log,0,2026-06-26T10:07:26.476744+00:00,True,,
logs\profit_harvester_stderr_watch_20260626_111911.log,0,2026-06-26T10:19:11.496571+00:00,True,,
logs\profit_harvester_stderr_watch_20260626_112516.log,0,2026-06-26T10:25:16.218793+00:00,True,,
logs\profit_harvester_stderr_watch_20260626_112714.log,0,2026-06-26T10:27:14.859324+00:00,True,,
logs\profit_harvester_stderr_watch_20260626_113030.log,0,2026-06-26T10:30:30.308077+00:00,True,,
logs\profit_harvester_stderr_watch_20260626_113114.log,0,2026-06-26T10:31:14.561033+00:00,True,,
logs\profit_harvester_stderr_watch_20260626_113200.log,0,2026-06-26T10:32:00.847098+00:00,True,,
logs\profit_harvester_stderr_watch_20260626_113329.log,0,2026-06-26T10:33:29.713120+00:00,True,,
logs\profit_harvester_stderr_watch_20260626_114647.log,0,2026-06-26T10:46:47.324820+00:00,True,,
logs\profit_harvester_stderr_watch_20260626_120353.log,0,2026-06-26T11:03:53.593561+00:00,True,,
logs\profit_harvester_stderr_watch_20260626_121123.log,0,2026-06-26T11:11:23.193786+00:00,True,,
logs\profit_harvester_stderr_watch_20260626_122328.log,0,2026-06-26T11:23:28.418111+00:00,True,,
logs\profit_harvester_stderr_watch_20260626_122335.log,0,2026-06-26T11:23:35.993007+00:00,True,,
logs\profit_harvester_stderr_watch_20260626_123925.log,0,2026-06-26T11:39:25.005664+00:00,True,,
logs\profit_harvester_stderr_watch_20260626_124019.log,0,2026-06-26T11:40:19.824564+00:00,True,,
logs\profit_harvester_stderr_watch_20260626_124256.log,0,2026-06-26T11:42:56.921982+00:00,True,,
logs\profit_harvester_stderr_watch_20260626_124517.log,0,2026-06-26T11:45:17.743747+00:00,True,,
logs\profit_harvester_stderr_watch_20260626_124920.log,0,2026-06-26T11:49:20.773090+00:00,True,,
logs\profit_harvester_stderr_watch_20260626_125120.log,0,2026-06-26T11:51:20.008124+00:00,True,,
logs\profit_harvester_stderr_watch_20260626_125331.log,0,2026-06-26T11:53:31.011126+00:00,True,,
logs\profit_harvester_stderr_watch_20260626_125718.log,0,2026-06-26T11:57:18.635886+00:00,True,,
logs\profit_harvester_stderr_watch_20260626_131804.log,0,2026-06-26T12:18:04.577499+00:00,True,,
logs\profit_harvester_stderr_watch_20260626_132536.log,0,2026-06-26T12:25:36.742490+00:00,True,,
logs\profit_harvester_stderr_watch_20260626_133042.log,0,2026-06-26T12:30:42.244124+00:00,True,,
logs\profit_harvester_stderr_watch_20260626_134331.log,0,2026-06-26T12:43:31.449180+00:00,True,,
logs\profit_harvester_stderr_watch_20260626_140545.log,0,2026-06-26T13:05:45.042771+00:00,True,,
logs\profit_harvester_stderr_watch_20260626_141450.log,0,2026-06-26T13:14:50.754842+00:00,True,,
logs\profit_harvester_stderr_watch_20260626_142001.log,0,2026-06-26T13:20:01.703048+00:00,True,,
logs\profit_harvester_stderr_watch_20260626_142158.log,0,2026-06-26T13:21:58.578763+00:00,True,,
logs\profit_harvester_stderr_watch_20260626_142935.log,0,2026-06-26T13:29:35.593570+00:00,True,,
logs\profit_harvester_stderr_watch_20260626_143341.log,0,2026-06-26T13:33:41.928344+00:00,True,,
logs\profit_harvester_stderr_watch_20260626_143801.log,0,2026-06-26T13:38:01.847241+00:00,True,,
logs\profit_harvester_stderr_watch_20260626_145713.log,0,2026-06-26T13:57:13.263583+00:00,True,,
logs\profit_harvester_stderr_watch_20260626_150603.log,0,2026-06-26T14:06:03.403571+00:00,True,,
logs\profit_harvester_stderr_watch_20260626_150902.log,0,2026-06-26T14:09:02.443540+00:00,True,,
logs\profit_harvester_stderr_watch_20260626_151020.log,0,2026-06-26T14:10:20.574524+00:00,True,,
logs\profit_harvester_stderr_watch_20260626_151639.log,0,2026-06-26T14:16:39.996439+00:00,True,,
logs\profit_harvester_stderr_watch_20260626_151946.log,0,2026-06-26T14:19:46.570780+00:00,True,,
logs\profit_harvester_stderr_watch_20260626_152140.log,0,2026-06-26T14:21:40.384274+00:00,True,,
logs\profit_harvester_stderr_watch_20260626_152329.log,0,2026-06-26T14:23:29.017601+00:00,True,,
logs\profit_harvester_stderr_watch_20260626_152500.log,0,2026-06-26T14:25:00.665995+00:00,True,,
logs\profit_harvester_stderr_watch_20260626_153130.log,0,2026-06-26T14:31:30.729486+00:00,True,,
logs\profit_harvester_stderr_watch_20260626_153330.log,0,2026-06-26T14:33:30.532527+00:00,True,,
logs\profit_harvester_stderr_watch_20260626_154924.log,0,2026-06-26T14:49:24.237626+00:00,True,,
logs\profit_harvester_stderr_watch_20260626_155705.log,0,2026-06-26T14:57:05.640237+00:00,True,,
logs\profit_harvester_stderr_watch_20260626_161032.log,0,2026-06-26T15:10:32.380726+00:00,True,,
logs\profit_harvester_stderr_watch_20260626_161700.log,0,2026-06-26T15:17:00.055249+00:00,True,,
logs\profit_harvester_stderr_watch_20260626_162522.log,0,2026-06-26T15:25:22.013709+00:00,True,,
logs\profit_harvester_stderr_watch_20260626_162624.log,0,2026-06-26T15:26:24.348231+00:00,True,,
logs\profit_harvester_stderr_watch_20260626_163013.log,0,2026-06-26T15:30:13.177720+00:00,True,,
logs\profit_harvester_stderr_watch_20260626_163337.log,0,2026-06-26T15:33:37.268528+00:00,True,,
logs\profit_harvester_stderr_watch_20260626_164206.log,0,2026-06-26T15:42:06.090800+00:00,True,,
logs\profit_harvester_stderr_watch_20260626_164437.log,0,2026-06-26T15:44:37.291518+00:00,True,,
logs\profit_harvester_stderr_watch_20260626_164516.log,0,2026-06-26T15:45:16.897207+00:00,True,,
logs\profit_harvester_stderr_watch_20260626_170026.log,0,2026-06-26T16:00:26.147347+00:00,True,,
logs\profit_harvester_stderr_watch_20260626_170653.log,0,2026-06-26T16:06:53.885511+00:00,True,,
logs\profit_harvester_stderr_watch_20260626_172030.log,0,2026-06-26T16:20:30.651472+00:00,True,,
logs\profit_harvester_stderr_watch_20260626_183258.log,0,2026-06-26T17:32:58.048879+00:00,True,,
logs\profit_harvester_stderr_watch_20260626_184238.log,0,2026-06-26T17:42:38.669025+00:00,True,,
logs\profit_harvester_stderr_watch_20260626_184448.log,0,2026-06-26T17:44:48.672879+00:00,True,,
logs\profit_harvester_stderr_watch_20260626_190025.log,0,2026-06-26T18:00:25.413224+00:00,True,,
logs\profit_harvester_stderr_watch_20260626_190712.log,0,2026-06-26T18:07:12.293469+00:00,True,,
logs\profit_harvester_stderr_watch_20260626_190754.log,0,2026-06-26T18:07:54.371941+00:00,True,,
logs\profit_harvester_stderr_watch_20260626_192108.log,0,2026-06-26T18:21:08.998119+00:00,True,,
logs\profit_harvester_stderr_watch_20260626_193043.log,0,2026-06-26T18:30:43.596769+00:00,True,,
logs\profit_harvester_stderr_watch_20260626_193110.log,0,2026-06-26T18:31:10.868925+00:00,True,,
logs\profit_harvester_stderr_watch_20260626_193608.log,0,2026-06-26T18:36:08.075331+00:00,True,,
logs\profit_harvester_stderr_watch_20260626_193715.log,0,2026-06-26T18:37:15.342453+00:00,True,,
logs\profit_harvester_stderr_watch_20260626_194854.log,0,2026-06-26T18:48:54.025882+00:00,True,,
logs\profit_harvester_stderr_watch_20260626_195658.log,0,2026-06-26T18:56:58.010363+00:00,True,,
logs\profit_harvester_stderr_watch_20260626_201306.log,0,2026-06-26T19:13:06.721597+00:00,True,,
logs\profit_harvester_stderr_watch_20260626_202412.log,0,2026-06-26T19:24:12.678831+00:00,True,,
logs\profit_harvester_stderr_watch_20260626_202705.log,0,2026-06-26T19:27:05.196608+00:00,True,,
logs\profit_harvester_stderr_watch_20260626_202940.log,0,2026-06-26T19:29:40.281939+00:00,True,,
logs\profit_harvester_stderr_watch_20260626_203415.log,0,2026-06-26T19:34:15.482675+00:00,True,,
logs\profit_harvester_stderr_watch_20260626_203420.log,0,2026-06-26T19:34:20.276640+00:00,True,,
logs\profit_harvester_stderr_watch_20260626_203424.log,0,2026-06-26T19:34:24.702483+00:00,True,,
logs\profit_harvester_stderr_watch_20260626_203429.log,0,2026-06-26T19:34:29.183069+00:00,True,,
logs\profit_harvester_stderr_watch_20260626_203433.log,0,2026-06-26T19:34:33.996377+00:00,True,,
logs\profit_harvester_stderr_watch_20260626_203438.log,0,2026-06-26T19:34:38.490909+00:00,True,,
logs\profit_harvester_stderr_watch_20260626_203443.log,0,2026-06-26T19:34:43.051460+00:00,True,,
logs\profit_harvester_stderr_watch_20260626_203447.log,0,2026-06-26T19:34:47.575799+00:00,True,,
logs\profit_harvester_stderr_watch_20260626_203452.log,0,2026-06-26T19:34:52.242191+00:00,True,,
logs\profit_harvester_stderr_watch_20260626_203456.log,0,2026-06-26T19:34:56.771310+00:00,True,,
logs\profit_harvester_stderr_watch_20260626_203501.log,0,2026-06-26T19:35:01.366418+00:00,True,,
logs\profit_harvester_stderr_watch_20260626_203505.log,0,2026-06-26T19:35:05.914724+00:00,True,,
logs\profit_harvester_stderr_watch_20260626_203510.log,0,2026-06-26T19:35:10.550044+00:00,True,,
logs\profit_harvester_stderr_watch_20260626_203515.log,0,2026-06-26T19:35:15.239191+00:00,True,,
logs\profit_harvester_stderr_watch_20260626_203519.log,0,2026-06-26T19:35:19.893116+00:00,True,,
logs\profit_harvester_stderr_watch_20260626_203524.log,0,2026-06-26T19:35:24.602147+00:00,True,,
logs\profit_harvester_stderr_watch_20260626_203528.log,0,2026-06-26T19:35:28.928184+00:00,True,,
logs\profit_harvester_stderr_watch_20260626_203533.log,0,2026-06-26T19:35:33.592435+00:00,True,,
logs\profit_harvester_stderr_watch_20260626_203538.log,0,2026-06-26T19:35:38.157904+00:00,True,,
logs\profit_harvester_stderr_watch_20260626_203542.log,0,2026-06-26T19:35:42.651837+00:00,True,,
logs\profit_harvester_stderr_watch_20260626_203550.log,0,2026-06-26T19:35:50.181341+00:00,True,,
logs\profit_harvester_stderr_watch_20260626_203554.log,0,2026-06-26T19:35:54.622518+00:00,True,,
logs\profit_harvester_stderr_watch_20260626_203559.log,0,2026-06-26T19:35:59.053615+00:00,True,,
logs\profit_harvester_stderr_watch_20260626_203603.log,0,2026-06-26T19:36:03.536034+00:00,True,,
logs\profit_harvester_stderr_watch_20260626_203608.log,0,2026-06-26T19:36:08.221976+00:00,True,,
logs\profit_harvester_stderr_watch_20260626_203612.log,0,2026-06-26T19:36:12.603261+00:00,True,,
logs\profit_harvester_stderr_watch_20260626_203617.log,0,2026-06-26T19:36:17.098221+00:00,True,,
logs\profit_harvester_stderr_watch_20260626_203621.log,0,2026-06-26T19:36:21.525221+00:00,True,,
logs\profit_harvester_stderr_watch_20260626_203626.log,0,2026-06-26T19:36:26.001699+00:00,True,,
logs\profit_harvester_stderr_watch_20260626_203630.log,0,2026-06-26T19:36:30.506633+00:00,True,,
logs\profit_harvester_stderr_watch_20260626_203634.log,0,2026-06-26T19:36:34.930176+00:00,True,,
logs\profit_harvester_stderr_watch_20260626_203639.log,0,2026-06-26T19:36:39.335115+00:00,True,,
logs\profit_harvester_stderr_watch_20260626_203643.log,0,2026-06-26T19:36:43.794441+00:00,True,,
logs\profit_harvester_stderr_watch_20260626_203648.log,0,2026-06-26T19:36:48.230163+00:00,True,,
logs\profit_harvester_stderr_watch_20260626_203652.log,0,2026-06-26T19:36:52.821693+00:00,True,,
logs\profit_harvester_stderr_watch_20260626_203657.log,0,2026-06-26T19:36:57.308102+00:00,True,,
logs\profit_harvester_stderr_watch_20260626_203710.log,0,2026-06-26T19:37:10.373696+00:00,True,,
logs\profit_harvester_stderr_watch_20260626_203723.log,0,2026-06-26T19:37:23.340749+00:00,True,,
logs\profit_harvester_stderr_watch_20260626_203742.log,0,2026-06-26T19:37:42.193888+00:00,True,,
logs\profit_harvester_stderr_watch_20260626_203749.log,0,2026-06-26T19:37:49.420551+00:00,True,,
logs\profit_harvester_stderr_watch_20260626_203753.log,0,2026-06-26T19:37:53.878803+00:00,True,,
logs\profit_harvester_stderr_watch_20260626_203801.log,0,2026-06-26T19:38:01.067052+00:00,True,,
logs\profit_harvester_stderr_watch_20260626_203805.log,0,2026-06-26T19:38:05.522166+00:00,True,,
logs\profit_harvester_stderr_watch_20260626_203810.log,0,2026-06-26T19:38:10.339980+00:00,True,,
logs\profit_harvester_stderr_watch_20260626_203817.log,0,2026-06-26T19:38:17.776543+00:00,True,,
logs\profit_harvester_stderr_watch_20260626_203822.log,0,2026-06-26T19:38:22.279725+00:00,True,,
logs\profit_harvester_stderr_watch_20260626_203826.log,0,2026-06-26T19:38:26.819643+00:00,True,,
logs\profit_harvester_stderr_watch_20260626_203831.log,0,2026-06-26T19:38:31.504474+00:00,True,,
logs\profit_harvester_stderr_watch_20260626_203951.log,0,2026-06-26T19:39:51.763858+00:00,True,,
logs\profit_harvester_stderr_watch_20260626_204032.log,0,2026-06-26T19:40:32.216202+00:00,True,,
logs\profit_harvester_stderr_watch_20260626_204120.log,0,2026-06-26T19:41:20.868123+00:00,True,,
logs\profit_harvester_stdout_20260626_014002.log,0,2026-06-26T00:40:02.121783+00:00,True,,
logs\profit_harvester_stdout_20260626_014201.log,0,2026-06-26T00:42:01.249095+00:00,True,,
logs\profit_harvester_stdout_20260626_014438.log,0,2026-06-26T00:44:38.249107+00:00,True,,
logs\profit_harvester_stdout_manual_guard.log,0,2026-06-26T19:41:54.209754+00:00,True,,
logs\profit_harvester_stdout_manual_guard_final.log,0,2026-06-26T19:43:26.227551+00:00,True,,
logs\profit_harvester_stdout_manual_guard_single.log,0,2026-06-26T19:42:44.312036+00:00,True,,
logs\profit_harvester_stdout_watch_20260626_014719.log,0,2026-06-26T00:47:19.708497+00:00,True,,
logs\profit_harvester_stdout_watch_20260626_015203.log,0,2026-06-26T00:52:03.855001+00:00,True,,
logs\profit_harvester_stdout_watch_20260626_015559.log,0,2026-06-26T00:55:59.920717+00:00,True,,
logs\profit_harvester_stdout_watch_20260626_015905.log,0,2026-06-26T00:59:05.527743+00:00,True,,
logs\profit_harvester_stdout_watch_20260626_022925.log,0,2026-06-26T01:29:25.247069+00:00,True,,
logs\profit_harvester_stdout_watch_20260626_024156.log,0,2026-06-26T01:41:56.674953+00:00,True,,
logs\profit_harvester_stdout_watch_20260626_025720.log,0,2026-06-26T01:57:20.686527+00:00,True,,
logs\profit_harvester_stdout_watch_20260626_030351.log,0,2026-06-26T02:03:51.572940+00:00,True,,
logs\profit_harvester_stdout_watch_20260626_030507.log,0,2026-06-26T02:05:07.467817+00:00,True,,
logs\profit_harvester_stdout_watch_20260626_030651.log,0,2026-06-26T02:06:51.035429+00:00,True,,
logs\profit_harvester_stdout_watch_20260626_030945.log,0,2026-06-26T02:09:45.847045+00:00,True,,
logs\profit_harvester_stdout_watch_20260626_031820.log,0,2026-06-26T02:18:20.722463+00:00,True,,
logs\profit_harvester_stdout_watch_20260626_031913.log,0,2026-06-26T02:19:13.503129+00:00,True,,
logs\profit_harvester_stdout_watch_20260626_032644.log,0,2026-06-26T02:26:44.708998+00:00,True,,
logs\profit_harvester_stdout_watch_20260626_032707.log,0,2026-06-26T02:27:07.008631+00:00,True,,
logs\profit_harvester_stdout_watch_20260626_093251.log,0,2026-06-26T08:32:51.648938+00:00,True,,
logs\profit_harvester_stdout_watch_20260626_093509.log,0,2026-06-26T08:35:09.949644+00:00,True,,
logs\profit_harvester_stdout_watch_20260626_094759.log,0,2026-06-26T08:47:59.822671+00:00,True,,
logs\profit_harvester_stdout_watch_20260626_094852.log,0,2026-06-26T08:48:52.094195+00:00,True,,
logs\profit_harvester_stdout_watch_20260626_094944.log,0,2026-06-26T08:49:44.566890+00:00,True,,
logs\profit_harvester_stdout_watch_20260626_095752.log,0,2026-06-26T08:57:52.126981+00:00,True,,
logs\profit_harvester_stdout_watch_20260626_095913.log,0,2026-06-26T08:59:13.009849+00:00,True,,
logs\profit_harvester_stdout_watch_20260626_100321.log,0,2026-06-26T09:03:21.899665+00:00,True,,
logs\profit_harvester_stdout_watch_20260626_100607.log,0,2026-06-26T09:06:07.257919+00:00,True,,
logs\profit_harvester_stdout_watch_20260626_100645.log,0,2026-06-26T09:06:45.725727+00:00,True,,
logs\profit_harvester_stdout_watch_20260626_102733.log,0,2026-06-26T09:27:33.034168+00:00,True,,
logs\profit_harvester_stdout_watch_20260626_103219.log,0,2026-06-26T09:32:19.753827+00:00,True,,
logs\profit_harvester_stdout_watch_20260626_103457.log,0,2026-06-26T09:34:57.921871+00:00,True,,
logs\profit_harvester_stdout_watch_20260626_105630.log,0,2026-06-26T09:56:30.003192+00:00,True,,
logs\profit_harvester_stdout_watch_20260626_105743.log,0,2026-06-26T09:57:43.854827+00:00,True,,
logs\profit_harvester_stdout_watch_20260626_110231.log,0,2026-06-26T10:02:31.456268+00:00,True,,
logs\profit_harvester_stdout_watch_20260626_110252.log,0,2026-06-26T10:02:52.873125+00:00,True,,
logs\profit_harvester_stdout_watch_20260626_110726.log,0,2026-06-26T10:07:26.475734+00:00,True,,
logs\profit_harvester_stdout_watch_20260626_111911.log,0,2026-06-26T10:19:11.496571+00:00,True,,
logs\profit_harvester_stdout_watch_20260626_112516.log,0,2026-06-26T10:25:16.217706+00:00,True,,
logs\profit_harvester_stdout_watch_20260626_112714.log,0,2026-06-26T10:27:14.858339+00:00,True,,
logs\profit_harvester_stdout_watch_20260626_113030.log,0,2026-06-26T10:30:30.308077+00:00,True,,
logs\profit_harvester_stdout_watch_20260626_113114.log,0,2026-06-26T10:31:14.561033+00:00,True,,
logs\profit_harvester_stdout_watch_20260626_113200.log,0,2026-06-26T10:32:00.847098+00:00,True,,
logs\profit_harvester_stdout_watch_20260626_113329.log,0,2026-06-26T10:33:29.713120+00:00,True,,
logs\profit_harvester_stdout_watch_20260626_114647.log,0,2026-06-26T10:46:47.324820+00:00,True,,
logs\profit_harvester_stdout_watch_20260626_120353.log,0,2026-06-26T11:03:53.593561+00:00,True,,
logs\profit_harvester_stdout_watch_20260626_121123.log,0,2026-06-26T11:11:23.193786+00:00,True,,
logs\profit_harvester_stdout_watch_20260626_122328.log,0,2026-06-26T11:23:28.418111+00:00,True,,
logs\profit_harvester_stdout_watch_20260626_122335.log,0,2026-06-26T11:23:35.993007+00:00,True,,
logs\profit_harvester_stdout_watch_20260626_123925.log,0,2026-06-26T11:39:25.004545+00:00,True,,
logs\profit_harvester_stdout_watch_20260626_124019.log,0,2026-06-26T11:40:19.824564+00:00,True,,
logs\profit_harvester_stdout_watch_20260626_124256.log,0,2026-06-26T11:42:56.920935+00:00,True,,
logs\profit_harvester_stdout_watch_20260626_124517.log,0,2026-06-26T11:45:17.742619+00:00,True,,
logs\profit_harvester_stdout_watch_20260626_124920.log,0,2026-06-26T11:49:20.772077+00:00,True,,
logs\profit_harvester_stdout_watch_20260626_125120.log,0,2026-06-26T11:51:20.006769+00:00,True,,
logs\profit_harvester_stdout_watch_20260626_125331.log,0,2026-06-26T11:53:31.011126+00:00,True,,
logs\profit_harvester_stdout_watch_20260626_125718.log,0,2026-06-26T11:57:18.635886+00:00,True,,
logs\profit_harvester_stdout_watch_20260626_131804.log,0,2026-06-26T12:18:04.577499+00:00,True,,
logs\profit_harvester_stdout_watch_20260626_132536.log,0,2026-06-26T12:25:36.741456+00:00,True,,
logs\profit_harvester_stdout_watch_20260626_133042.log,0,2026-06-26T12:30:42.244124+00:00,True,,
logs\profit_harvester_stdout_watch_20260626_134331.log,0,2026-06-26T12:43:31.449180+00:00,True,,
logs\profit_harvester_stdout_watch_20260626_140545.log,0,2026-06-26T13:05:45.042771+00:00,True,,
logs\profit_harvester_stdout_watch_20260626_141450.log,0,2026-06-26T13:14:50.754842+00:00,True,,
logs\profit_harvester_stdout_watch_20260626_142001.log,0,2026-06-26T13:20:01.703048+00:00,True,,
logs\profit_harvester_stdout_watch_20260626_142158.log,0,2026-06-26T13:21:58.578763+00:00,True,,
logs\profit_harvester_stdout_watch_20260626_142935.log,0,2026-06-26T13:29:35.592331+00:00,True,,
logs\profit_harvester_stdout_watch_20260626_143341.log,0,2026-06-26T13:33:41.928344+00:00,True,,
logs\profit_harvester_stdout_watch_20260626_143801.log,0,2026-06-26T13:38:01.846211+00:00,True,,
logs\profit_harvester_stdout_watch_20260626_145713.log,0,2026-06-26T13:57:13.263583+00:00,True,,
logs\profit_harvester_stdout_watch_20260626_150603.log,0,2026-06-26T14:06:03.402020+00:00,True,,
logs\profit_harvester_stdout_watch_20260626_150902.log,0,2026-06-26T14:09:02.442043+00:00,True,,
logs\profit_harvester_stdout_watch_20260626_151020.log,0,2026-06-26T14:10:20.573506+00:00,True,,
logs\profit_harvester_stdout_watch_20260626_151639.log,0,2026-06-26T14:16:39.996439+00:00,True,,
logs\profit_harvester_stdout_watch_20260626_151946.log,0,2026-06-26T14:19:46.570780+00:00,True,,
logs\profit_harvester_stdout_watch_20260626_152140.log,0,2026-06-26T14:21:40.384274+00:00,True,,
logs\profit_harvester_stdout_watch_20260626_152329.log,0,2026-06-26T14:23:29.016583+00:00,True,,
logs\profit_harvester_stdout_watch_20260626_152500.log,0,2026-06-26T14:25:00.665995+00:00,True,,
logs\profit_harvester_stdout_watch_20260626_153130.log,0,2026-06-26T14:31:30.729486+00:00,True,,
logs\profit_harvester_stdout_watch_20260626_153330.log,0,2026-06-26T14:33:30.531216+00:00,True,,
logs\profit_harvester_stdout_watch_20260626_154924.log,0,2026-06-26T14:49:24.237102+00:00,True,,
logs\profit_harvester_stdout_watch_20260626_155705.log,0,2026-06-26T14:57:05.639224+00:00,True,,
logs\profit_harvester_stdout_watch_20260626_161032.log,0,2026-06-26T15:10:32.379500+00:00,True,,
logs\profit_harvester_stdout_watch_20260626_161700.log,0,2026-06-26T15:17:00.053876+00:00,True,,
logs\profit_harvester_stdout_watch_20260626_162522.log,0,2026-06-26T15:25:22.012651+00:00,True,,
logs\profit_harvester_stdout_watch_20260626_162624.log,0,2026-06-26T15:26:24.347179+00:00,True,,
logs\profit_harvester_stdout_watch_20260626_163013.log,0,2026-06-26T15:30:13.177720+00:00,True,,
logs\profit_harvester_stdout_watch_20260626_163337.log,0,2026-06-26T15:33:37.266510+00:00,True,,
logs\profit_harvester_stdout_watch_20260626_164206.log,0,2026-06-26T15:42:06.088581+00:00,True,,
logs\profit_harvester_stdout_watch_20260626_164437.log,0,2026-06-26T15:44:37.290499+00:00,True,,
logs\profit_harvester_stdout_watch_20260626_164516.log,0,2026-06-26T15:45:16.897207+00:00,True,,
logs\profit_harvester_stdout_watch_20260626_170026.log,0,2026-06-26T16:00:26.147347+00:00,True,,
logs\profit_harvester_stdout_watch_20260626_170653.log,0,2026-06-26T16:06:53.885511+00:00,True,,
logs\profit_harvester_stdout_watch_20260626_172030.log,0,2026-06-26T16:20:30.650512+00:00,True,,
logs\profit_harvester_stdout_watch_20260626_183258.log,0,2026-06-26T17:32:58.047878+00:00,True,,
logs\profit_harvester_stdout_watch_20260626_184238.log,0,2026-06-26T17:42:38.667005+00:00,True,,
logs\profit_harvester_stdout_watch_20260626_184448.log,0,2026-06-26T17:44:48.671615+00:00,True,,
logs\profit_harvester_stdout_watch_20260626_190025.log,0,2026-06-26T18:00:25.412210+00:00,True,,
logs\profit_harvester_stdout_watch_20260626_190712.log,0,2026-06-26T18:07:12.292443+00:00,True,,
logs\profit_harvester_stdout_watch_20260626_190754.log,0,2026-06-26T18:07:54.370925+00:00,True,,
logs\profit_harvester_stdout_watch_20260626_192108.log,0,2026-06-26T18:21:08.996986+00:00,True,,
logs\profit_harvester_stdout_watch_20260626_193043.log,0,2026-06-26T18:30:43.596769+00:00,True,,
logs\profit_harvester_stdout_watch_20260626_193110.log,0,2026-06-26T18:31:10.868925+00:00,True,,
logs\profit_harvester_stdout_watch_20260626_193608.log,0,2026-06-26T18:36:08.074331+00:00,True,,
logs\profit_harvester_stdout_watch_20260626_193715.log,0,2026-06-26T18:37:15.342453+00:00,True,,
logs\profit_harvester_stdout_watch_20260626_194854.log,0,2026-06-26T18:48:54.024665+00:00,True,,
logs\profit_harvester_stdout_watch_20260626_195658.log,0,2026-06-26T18:56:58.010363+00:00,True,,
logs\profit_harvester_stdout_watch_20260626_201306.log,0,2026-06-26T19:13:06.720489+00:00,True,,
logs\profit_harvester_stdout_watch_20260626_202412.log,0,2026-06-26T19:24:12.678831+00:00,True,,
logs\profit_harvester_stdout_watch_20260626_202705.log,0,2026-06-26T19:27:05.195320+00:00,True,,
logs\profit_harvester_stdout_watch_20260626_202940.log,0,2026-06-26T19:29:40.280888+00:00,True,,
logs\profit_harvester_stdout_watch_20260626_203415.log,0,2026-06-26T19:34:15.481671+00:00,True,,
logs\profit_harvester_stdout_watch_20260626_203420.log,0,2026-06-26T19:34:20.276640+00:00,True,,
logs\profit_harvester_stdout_watch_20260626_203424.log,0,2026-06-26T19:34:24.702483+00:00,True,,
logs\profit_harvester_stdout_watch_20260626_203429.log,0,2026-06-26T19:34:29.182069+00:00,True,,
logs\profit_harvester_stdout_watch_20260626_203433.log,0,2026-06-26T19:34:33.995301+00:00,True,,
logs\profit_harvester_stdout_watch_20260626_203438.log,0,2026-06-26T19:34:38.489888+00:00,True,,
logs\profit_harvester_stdout_watch_20260626_203443.log,0,2026-06-26T19:34:43.050098+00:00,True,,
logs\profit_harvester_stdout_watch_20260626_203447.log,0,2026-06-26T19:34:47.575293+00:00,True,,
logs\profit_harvester_stdout_watch_20260626_203452.log,0,2026-06-26T19:34:52.242191+00:00,True,,
logs\profit_harvester_stdout_watch_20260626_203456.log,0,2026-06-26T19:34:56.771310+00:00,True,,
logs\profit_harvester_stdout_watch_20260626_203501.log,0,2026-06-26T19:35:01.366418+00:00,True,,
logs\profit_harvester_stdout_watch_20260626_203505.log,0,2026-06-26T19:35:05.914724+00:00,True,,
logs\profit_harvester_stdout_watch_20260626_203510.log,0,2026-06-26T19:35:10.549003+00:00,True,,
logs\profit_harvester_stdout_watch_20260626_203515.log,0,2026-06-26T19:35:15.238191+00:00,True,,
logs\profit_harvester_stdout_watch_20260626_203519.log,0,2026-06-26T19:35:19.893116+00:00,True,,
logs\profit_harvester_stdout_watch_20260626_203524.log,0,2026-06-26T19:35:24.602147+00:00,True,,
logs\profit_harvester_stdout_watch_20260626_203528.log,0,2026-06-26T19:35:28.926750+00:00,True,,
logs\profit_harvester_stdout_watch_20260626_203533.log,0,2026-06-26T19:35:33.591421+00:00,True,,
logs\profit_harvester_stdout_watch_20260626_203538.log,0,2026-06-26T19:35:38.156881+00:00,True,,
logs\profit_harvester_stdout_watch_20260626_203542.log,0,2026-06-26T19:35:42.651837+00:00,True,,
logs\profit_harvester_stdout_watch_20260626_203550.log,0,2026-06-26T19:35:50.180264+00:00,True,,
logs\profit_harvester_stdout_watch_20260626_203554.log,0,2026-06-26T19:35:54.621518+00:00,True,,
logs\profit_harvester_stdout_watch_20260626_203559.log,0,2026-06-26T19:35:59.052444+00:00,True,,
logs\profit_harvester_stdout_watch_20260626_203603.log,0,2026-06-26T19:36:03.536034+00:00,True,,
logs\profit_harvester_stdout_watch_20260626_203608.log,0,2026-06-26T19:36:08.221976+00:00,True,,
logs\profit_harvester_stdout_watch_20260626_203612.log,0,2026-06-26T19:36:12.602251+00:00,True,,
logs\profit_harvester_stdout_watch_20260626_203617.log,0,2026-06-26T19:36:17.097214+00:00,True,,
logs\profit_harvester_stdout_watch_20260626_203621.log,0,2026-06-26T19:36:21.525221+00:00,True,,
logs\profit_harvester_stdout_watch_20260626_203626.log,0,2026-06-26T19:36:26.000674+00:00,True,,
logs\profit_harvester_stdout_watch_20260626_203630.log,0,2026-06-26T19:36:30.505393+00:00,True,,
logs\profit_harvester_stdout_watch_20260626_203634.log,0,2026-06-26T19:36:34.930176+00:00,True,,
logs\profit_harvester_stdout_watch_20260626_203639.log,0,2026-06-26T19:36:39.333750+00:00,True,,
logs\profit_harvester_stdout_watch_20260626_203643.log,0,2026-06-26T19:36:43.794441+00:00,True,,
logs\profit_harvester_stdout_watch_20260626_203648.log,0,2026-06-26T19:36:48.229097+00:00,True,,
logs\profit_harvester_stdout_watch_20260626_203652.log,0,2026-06-26T19:36:52.821693+00:00,True,,
logs\profit_harvester_stdout_watch_20260626_203657.log,0,2026-06-26T19:36:57.308102+00:00,True,,
logs\profit_harvester_stdout_watch_20260626_203710.log,0,2026-06-26T19:37:10.373696+00:00,True,,
logs\profit_harvester_stdout_watch_20260626_203723.log,0,2026-06-26T19:37:23.339390+00:00,True,,
logs\profit_harvester_stdout_watch_20260626_203742.log,0,2026-06-26T19:37:42.193888+00:00,True,,
logs\profit_harvester_stdout_watch_20260626_203749.log,0,2026-06-26T19:37:49.419544+00:00,True,,
logs\profit_harvester_stdout_watch_20260626_203753.log,0,2026-06-26T19:37:53.877803+00:00,True,,
logs\profit_harvester_stdout_watch_20260626_203801.log,0,2026-06-26T19:38:01.067052+00:00,True,,
logs\profit_harvester_stdout_watch_20260626_203805.log,0,2026-06-26T19:38:05.522166+00:00,True,,
logs\profit_harvester_stdout_watch_20260626_203810.log,0,2026-06-26T19:38:10.338974+00:00,True,,
logs\profit_harvester_stdout_watch_20260626_203817.log,0,2026-06-26T19:38:17.776543+00:00,True,,
logs\profit_harvester_stdout_watch_20260626_203822.log,0,2026-06-26T19:38:22.279725+00:00,True,,
logs\profit_harvester_stdout_watch_20260626_203826.log,0,2026-06-26T19:38:26.819643+00:00,True,,
logs\profit_harvester_stdout_watch_20260626_203831.log,0,2026-06-26T19:38:31.503367+00:00,True,,
logs\profit_harvester_stdout_watch_20260626_203951.log,0,2026-06-26T19:39:51.762875+00:00,True,,
logs\profit_harvester_stdout_watch_20260626_204032.log,0,2026-06-26T19:40:32.216202+00:00,True,,
logs\profit_harvester_stdout_watch_20260626_204120.log,0,2026-06-26T19:41:20.868123+00:00,True,,
logs\profit_harvester_watchdog.jsonl,23030,2026-06-26T19:41:20.168031+00:00,True,157,0
logs\profit_harvester_watchdog_stderr_20260626_014717.log,0,2026-06-26T00:47:17.959242+00:00,True,,
logs\profit_harvester_watchdog_stderr_20260626_015202.log,0,2026-06-26T00:52:02.053196+00:00,True,,
logs\profit_harvester_watchdog_stderr_20260626_015558.log,0,2026-06-26T00:55:58.137633+00:00,True,,
logs\profit_harvester_watchdog_stderr_20260626_015903.log,0,2026-06-26T00:59:03.189718+00:00,True,,
logs\profit_harvester_watchdog_stderr_20260626_093249.log,0,2026-06-26T08:32:49.482774+00:00,True,,
logs\profit_harvester_watchdog_stderr_manual_guard.log,0,2026-06-26T19:39:49.894524+00:00,True,,
logs\profit_harvester_watchdog_stderr_single.log,0,2026-06-26T19:40:30.516713+00:00,True,,
logs\profit_harvester_watchdog_stderr_single2.log,0,2026-06-26T19:41:19.248784+00:00,True,,
logs\profit_harvester_watchdog_stdout_20260626_014717.log,0,2026-06-26T00:47:17.957117+00:00,True,,
logs\profit_harvester_watchdog_stdout_20260626_015202.log,0,2026-06-26T00:52:02.053196+00:00,True,,
logs\profit_harvester_watchdog_stdout_20260626_015558.log,0,2026-06-26T00:55:58.136305+00:00,True,,
logs\profit_harvester_watchdog_stdout_20260626_015903.log,0,2026-06-26T00:59:03.188671+00:00,True,,
logs\profit_harvester_watchdog_stdout_20260626_093249.log,0,2026-06-26T08:32:49.481760+00:00,True,,
logs\profit_harvester_watchdog_stdout_manual_guard.log,0,2026-06-26T19:39:49.893504+00:00,True,,
logs\profit_harvester_watchdog_stdout_single.log,0,2026-06-26T19:40:30.515677+00:00,True,,
logs\profit_harvester_watchdog_stdout_single2.log,0,2026-06-26T19:41:19.247769+00:00,True,,
logs\risk_gate_2026-06-24.jsonl,379994,2026-06-26T08:32:27.228913+00:00,True,372,0
logs\risk_gate_2026-06-25.jsonl,17589,2026-06-25T23:45:42.023940+00:00,True,13,0
logs\risk_gate_2026-06-26.jsonl,14696145,2026-06-26T20:55:46.759710+00:00,True,12234,0
logs\self_improving_stderr_20260625_234643.log,0,2026-06-25T22:46:43.609748+00:00,True,,
logs\self_improving_stderr_20260626_001110.log,0,2026-06-25T23:11:10.490503+00:00,True,,
logs\self_improving_stderr_20260626_001210.log,0,2026-06-25T23:12:10.178846+00:00,True,,
logs\self_improving_stderr_20260626_001550.log,0,2026-06-25T23:15:50.597706+00:00,True,,
logs\self_improving_stdout_20260625_234643.log,1282,2026-06-25T23:07:00.370961+00:00,True,,
logs\self_improving_stdout_20260626_001110.log,0,2026-06-25T23:11:10.490503+00:00,True,,
logs\self_improving_stdout_20260626_001210.log,0,2026-06-25T23:12:10.176422+00:00,True,,
logs\self_improving_stdout_20260626_001550.log,1262,2026-06-25T23:40:56.227010+00:00,True,,
logs\strategy_v0_2026-06-25.jsonl,3985,2026-06-25T17:20:33.646837+00:00,True,9,0
