ticket,order,time,time_msc,type,entry,magic,position_id,reason,volume,price,commission,swap,profit,fee,symbol,comment,external_id,time_iso,time_msc_iso
51380,46678,1782154438,1782154438909,0,0,0,46678,0,0.01,0.70031,0.0,0.0,0.0,0.0,AUDUSD,,3LIVSRVOLXTWN,2026-06-22T18:53:58+00:00,2026-06-22T18:53:58.909000+00:00
231910,226826,1782330924,1782330924392,1,1,0,46678,0,0.01,0.6887,0.0,0.0,-11.61,0.0,AUDUSD,,3LJ2TCCLUPU3J,2026-06-24T19:55:24+00:00,2026-06-24T19:55:24.392000+00:00
510080,642742,1782430240,1782430240725,0,0,10181,642742,3,0.08,1.3192,0.0,0.0,0.0,0.0,GBPUSD,strategy_v0_reba,3LJ5NMS5AB7FS,2026-06-25T23:30:40+00:00,2026-06-25T23:30:40.725000+00:00
510081,642744,1782430240,1782430240755,0,0,10181,642744,3,0.14,0.69081,0.0,0.0,0.0,0.0,AUDUSD,strategy_v0_reba,3LJ5NMS64NGLJ,2026-06-25T23:30:40+00:00,2026-06-25T23:30:40.755000+00:00
515471,653980,1782432565,1782432565408,0,0,0,653980,0,0.01,161.792,0.0,0.0,0.0,0.0,USDJPY,,3LJ5PQH66TJ35,2026-06-26T00:09:25+00:00,2026-06-26T00:09:25.408000+00:00
515946,654450,1782432768,1782432768290,0,0,0,653980,0,0.1,161.793,0.0,0.0,0.0,0.0,USDJPY,,3LJ5PWE4JE5CQ,2026-06-26T00:12:48+00:00,2026-06-26T00:12:48.290000+00:00
516178,654652,1782432849,1782432849218,0,0,0,653980,0,0.2,161.792,0.0,0.0,0.0,0.0,USDJPY,,3LJ5PYPIDZK6E,2026-06-26T00:14:09+00:00,2026-06-26T00:14:09.218000+00:00
516305,654812,1782432899,1782432899601,0,0,0,653980,0,1.0,161.803,0.0,0.0,0.0,0.0,USDJPY,,3LJ5Q26FVNOZZ,2026-06-26T00:14:59+00:00,2026-06-26T00:14:59.601000+00:00
516533,655198,1782432955,1782432955273,0,0,0,653980,0,1.0,161.807,0.0,0.0,0.0,0.0,USDJPY,,3LJ5Q3SB2473Z,2026-06-26T00:15:55+00:00,2026-06-26T00:15:55.273000+00:00
516919,655970,1782433088,1782433088062,1,1,0,653980,0,1.0,161.811,0.0,0.0,4.76,0.0,USDJPY,,3LJ5Q7NWHSJNL,2026-06-26T00:18:08+00:00,2026-06-26T00:18:08.062000+00:00
516968,656025,1782433101,1782433101100,0,0,0,653980,0,1.0,161.816,0.0,0.0,0.0,0.0,USDJPY,,3LJ5QA22ZT7TU,2026-06-26T00:18:21+00:00,2026-06-26T00:18:21.100000+00:00
516969,656025,1782433101,1782433101106,0,0,0,653980,0,0.31,161.818,0.0,0.0,0.0,0.0,USDJPY,,3LJ5QA22ZTFBE,2026-06-26T00:18:21+00:00,2026-06-26T00:18:21.106000+00:00
517512,656757,1782433276,1782433276985,1,1,0,653980,0,1.0,161.814,0.0,0.0,2.54,0.0,USDJPY,,3LJ5QF5USBYPS,2026-06-26T00:21:16+00:00,2026-06-26T00:21:16.985000+00:00
517513,656757,1782433276,1782433276990,1,1,0,653980,0,0.31,161.812,0.0,0.0,0.41,0.0,USDJPY,,3LJ5QF5USC73G,2026-06-26T00:21:16+00:00,2026-06-26T00:21:16.990000+00:00
517650,656988,1782433328,1782433328061,1,1,0,642742,0,0.08,1.31884,0.0,0.0,-2.88,0.0,GBPUSD,,3LJ5QGNGYPUJA,2026-06-26T00:22:08+00:00,2026-06-26T00:22:08.061000+00:00
517720,657065,1782433350,1782433350852,1,1,0,653980,0,1.0,161.814,0.0,0.0,2.54,0.0,USDJPY,,3LJ5QHCOA57OY,2026-06-26T00:22:30+00:00,2026-06-26T00:22:30.852000+00:00
517721,657065,1782433350,1782433350857,1,1,0,653980,0,0.31,161.812,0.0,0.0,0.41,0.0,USDJPY,,3LJ5QHCOA5FOU,2026-06-26T00:22:30+00:00,2026-06-26T00:22:30.857000+00:00
517788,657148,1782433382,1782433382279,1,1,0,642744,0,0.14,0.69074,0.0,0.0,-0.98,0.0,AUDUSD,,3LJ5QI7WTAUIJ,2026-06-26T00:23:02+00:00,2026-06-26T00:23:02.279000+00:00
517833,657215,1782433392,1782433392436,0,0,0,657215,0,1.0,161.809,0.0,0.0,0.0,0.0,USDJPY,,3LJ5QIJFJATED,2026-06-26T00:23:12+00:00,2026-06-26T00:23:12.436000+00:00
517834,657215,1782433392,1782433392441,0,0,0,657215,0,0.31,161.811,0.0,0.0,0.0,0.0,USDJPY,,3LJ5QIJFJAYFH,2026-06-26T00:23:12+00:00,2026-06-26T00:23:12.441000+00:00
518163,657771,1782433495,1782433495768,1,1,0,657215,0,1.0,161.816,0.0,0.0,4.04,0.0,USDJPY,,3LJ5QLJMZWC2J,2026-06-26T00:24:55+00:00,2026-06-26T00:24:55.768000+00:00
518164,657771,1782433495,1782433495773,1,1,0,657215,0,0.31,161.814,0.0,0.0,0.87,0.0,USDJPY,,3LJ5QLJMZWIA4,2026-06-26T00:24:55+00:00,2026-06-26T00:24:55.773000+00:00
518554,658750,1782433622,1782433622677,0,0,0,658750,0,4.12,161.807,0.0,0.0,0.0,0.0,USDJPY,,3LJ5QP7T7TZZK,2026-06-26T00:27:02+00:00,2026-06-26T00:27:02.677000+00:00
518555,658750,1782433622,1782433622682,0,0,0,658750,0,0.88,161.808,0.0,0.0,0.0,0.0,USDJPY,,3LJ5QP7T7U7RV,2026-06-26T00:27:02+00:00,2026-06-26T00:27:02.682000+00:00
519960,661133,1782434108,1782434108732,1,1,0,658750,0,1.0,161.813,0.0,0.0,3.6,0.0,USDJPY,,3LJ5R5EISHGVL,2026-06-26T00:35:08+00:00,2026-06-26T00:35:08.732000+00:00
519961,661133,1782434108,1782434108737,1,1,0,658750,0,4.0,161.811,0.0,0.0,9.46,0.0,USDJPY,,3LJ5R5EISHMXK,2026-06-26T00:35:08+00:00,2026-06-26T00:35:08.737000+00:00
520638,662562,1782434353,1782434353247,0,0,0,662562,0,1.0,1.42021,0.0,0.0,0.0,0.0,USDCAD,,3LJ5REI7VQELF,2026-06-26T00:39:13+00:00,2026-06-26T00:39:13.247000+00:00
521231,663707,1782434599,1782434599866,1,1,0,662562,0,1.0,1.42027,0.0,0.0,4.22,0.0,USDCAD,,3LJ5RLNVQFBCB,2026-06-26T00:43:19+00:00,2026-06-26T00:43:19.866000+00:00
521438,663907,1782434670,1782434670174,1,0,0,663907,0,1.0,1.42023,0.0,0.0,0.0,0.0,USDCAD,,3LJ5RNPEZBTY5,2026-06-26T00:44:30+00:00,2026-06-26T00:44:30.174000+00:00
521711,664268,1782434743,1782434743676,0,0,10181,664268,3,0.08,1.31874,0.0,0.0,0.0,0.0,GBPUSD,strategy_v0_reba,3LJ5RPTTN6WJN,2026-06-26T00:45:43+00:00,2026-06-26T00:45:43.676000+00:00
521712,664269,1782434743,1782434743751,0,0,10181,664269,3,0.14,0.69032,0.0,0.0,0.0,0.0,AUDUSD,strategy_v0_reba,3LJ5RPTVUZ7TA,2026-06-26T00:45:43+00:00,2026-06-26T00:45:43.751000+00:00
521799,664400,1782434777,1782434777686,0,1,0,663907,0,1.0,1.42019,0.0,0.0,2.82,0.0,USDCAD,,3LJ5RQTJ6LDL7,2026-06-26T00:46:17+00:00,2026-06-26T00:46:17.686000+00:00
522009,664748,1782434847,1782434847251,0,0,0,664268,0,0.5,1.3188,0.0,0.0,0.0,0.0,GBPUSD,,3LJ5RSUCEORHJ,2026-06-26T00:47:27+00:00,2026-06-26T00:47:27.251000+00:00
522481,665380,1782435014,1782435014120,1,2,0,664269,0,0.58,0.69021,0.0,0.0,-1.54,0.0,AUDUSD,,3LJ5RXPPHRVVN,2026-06-26T00:50:14+00:00,2026-06-26T00:50:14.120000+00:00
522959,665946,1782435207,1782435207754,1,1,0,664268,0,0.58,1.31884,0.0,0.0,2.8,0.0,GBPUSD,,3LJ5S5E27UNDX,2026-06-26T00:53:27+00:00,2026-06-26T00:53:27.754000+00:00
523272,666702,1782435347,1782435347448,0,1,0,664269,0,0.44,0.69018,0.0,0.0,1.32,0.0,AUDUSD,,3LJ5SBG5FT3S7,2026-06-26T00:55:47+00:00,2026-06-26T00:55:47.448000+00:00
524143,668215,1782435644,1782435644425,0,0,10181,668215,3,0.08,1.31882,0.0,0.0,0.0,0.0,GBPUSD,strategy_v0_reba,3LJ5SK2PZU4B5,2026-06-26T01:00:44+00:00,2026-06-26T01:00:44.425000+00:00
524144,668216,1782435644,1782435644463,0,0,10181,668216,3,0.14,0.69006,0.0,0.0,0.0,0.0,AUDUSD,strategy_v0_reba,3LJ5SK2R6733A,2026-06-26T01:00:44+00:00,2026-06-26T01:00:44.463000+00:00
524718,669095,1782435844,1782435844184,1,1,0,668216,0,0.14,0.69006,0.0,0.0,0.0,0.0,AUDUSD,,3LJ5SPURCQUYG,2026-06-26T01:04:04+00:00,2026-06-26T01:04:04.184000+00:00
524808,669197,1782435884,1782435884205,1,1,0,668215,0,0.08,1.31894,0.0,0.0,0.96,0.0,GBPUSD,,3LJ5SQZZZLCIR,2026-06-26T01:04:44+00:00,2026-06-26T01:04:44.205000+00:00
526631,672698,1782436541,1782436541223,0,0,10181,672698,3,0.08,1.31918,0.0,0.0,0.0,0.0,GBPUSD,strategy_v0_reba,3LJ5TE5WPRXZ7,2026-06-26T01:15:41+00:00,2026-06-26T01:15:41.223000+00:00
528461,676696,1782437229,1782437229795,1,1,0,672698,0,0.08,1.31919,0.0,0.0,0.08,0.0,GBPUSD,,3LJ5TY77QKMQD,2026-06-26T01:27:09+00:00,2026-06-26T01:27:09.795000+00:00
530184,680556,1782437856,1782437856451,0,0,10181,680556,3,0.5,0.81035,0.0,0.0,0.0,0.0,USDCHF,profit_harvester,3LJ5UKGTK5NP3,2026-06-26T01:37:36+00:00,2026-06-26T01:37:36.451000+00:00
530185,680557,1782437856,1782437856480,0,0,10181,680557,3,0.1,4016.625,0.0,0.0,0.0,0.0,XAUUSD,profit_harvester,3LJ5UKGUGV7LW,2026-06-26T01:37:36+00:00,2026-06-26T01:37:36.480000+00:00
530188,680563,1782437856,1782437856568,1,0,10181,680563,3,0.5,0.68985,0.0,0.0,0.0,0.0,AUDUSD,profit_harvester,3LJ5UKGX2JIDB,2026-06-26T01:37:36+00:00,2026-06-26T01:37:36.568000+00:00
530189,680564,1782437856,1782437856598,1,0,10181,680564,3,0.5,1.13653,0.0,0.0,0.0,0.0,EURUSD,profit_harvester,3LJ5UKGXWLSGC,2026-06-26T01:37:36+00:00,2026-06-26T01:37:36.598000+00:00
530190,680565,1782437856,1782437856627,1,0,10181,680565,3,0.5,1.31917,0.0,0.0,0.0,0.0,GBPUSD,profit_harvester,3LJ5UKGYSJEBK,2026-06-26T01:37:36+00:00,2026-06-26T01:37:36.627000+00:00
530495,681078,1782437980,1782437980332,0,0,10181,681078,3,0.5,161.804,0.0,0.0,0.0,0.0,USDJPY,profit_harvester,3LJ5UO27IXOBS,2026-06-26T01:39:40+00:00,2026-06-26T01:39:40.332000+00:00
530767,681513,1782438077,1782438077466,0,1,0,680565,0,0.5,1.31901,0.0,0.0,8.0,0.0,GBPUSD,,3LJ5UQUOBQNWY,2026-06-26T01:41:17+00:00,2026-06-26T01:41:17.466000+00:00
530895,681788,1782438125,1782438125334,1,0,10181,681788,3,0.5,1.31907,0.0,0.0,0.0,0.0,GBPUSD,profit_harvester,3LJ5USBAVPFI5,2026-06-26T01:42:05+00:00,2026-06-26T01:42:05.334000+00:00
530901,681801,1782438126,1782438126367,0,1,10181,680564,3,0.5,1.13643,0.0,0.0,5.0,0.0,EURUSD,profit_harvester,3LJ5USC7P7XHK,2026-06-26T01:42:06+00:00,2026-06-26T01:42:06.367000+00:00
530959,681900,1782438145,1782438145846,1,1,10181,680557,3,0.1,4017.255,0.0,0.0,6.3,0.0,XAUUSD,profit_harvester,3LJ5USUE7MMRD,2026-06-26T01:42:25+00:00,2026-06-26T01:42:25.846000+00:00
531263,682433,1782438282,1782438282091,0,0,10181,682433,3,0.1,4019.245,0.0,0.0,0.0,0.0,XAUUSD,profit_harvester,3LJ5UWTAMPGMN,2026-06-26T01:44:42+00:00,2026-06-26T01:44:42.091000+00:00
531264,682435,1782438282,1782438282121,1,0,10181,682435,3,0.5,1.13647,0.0,0.0,0.0,0.0,EURUSD,profit_harvester,3LJ5UWTBJHHKL,2026-06-26T01:44:42+00:00,2026-06-26T01:44:42.121000+00:00
531546,682797,1782438344,1782438344623,1,1,10181,682433,3,0.1,4019.745,0.0,0.0,5.0,0.0,XAUUSD,profit_harvester,3LJ5UYNI7CHAC,2026-06-26T01:45:44+00:00,2026-06-26T01:45:44.623000+00:00
531818,683442,1782438443,1782438443406,0,0,10181,683442,3,0.1,4023.574,0.0,0.0,0.0,0.0,XAUUSD,profit_harvester,3LJ5V3JI6C7SE,2026-06-26T01:47:23+00:00,2026-06-26T01:47:23.406000+00:00
531869,683561,1782438460,1782438460849,1,1,10181,681078,3,0.5,161.822,0.0,0.0,5.5600000000000005,0.0,USDJPY,profit_harvester,3LJ5V3ZPZ3R6D,2026-06-26T01:47:40+00:00,2026-06-26T01:47:40.849000+00:00
532419,684815,1782438668,1782438668412,1,1,10181,683442,3,0.1,4018.58,0.0,0.0,-49.94,0.0,XAUUSD,harv_reconcile,3LJ5VC2ZV3AZE,2026-06-26T01:51:08+00:00,2026-06-26T01:51:08.412000+00:00
532480,684888,1782438693,1782438693737,1,0,10181,684888,3,0.1,4020.081,0.0,0.0,0.0,0.0,XAUUSD,profit_harvester,3LJ5VCSMMG5AL,2026-06-26T01:51:33+00:00,2026-06-26T01:51:33.737000+00:00
532791,685637,1782438810,1782438810213,0,1,10181,684888,3,0.1,4019.22,0.0,0.0,8.61,0.0,XAUUSD,profit_harvester,3LJ5VG73VBDYH,2026-06-26T01:53:30+00:00,2026-06-26T01:53:30.213000+00:00
532876,685822,1782438854,1782438854270,1,1,0,680556,0,0.5,0.81045,0.0,0.0,6.17,0.0,USDCHF,,3LJ5VHI4U52AF,2026-06-26T01:54:14+00:00,2026-06-26T01:54:14.270000+00:00
532907,685907,1782438868,1782438868215,0,1,0,682435,0,0.5,1.13637,0.0,0.0,5.0,0.0,EURUSD,,3LJ5VHV4HNUWS,2026-06-26T01:54:28+00:00,2026-06-26T01:54:28.215000+00:00
532926,685940,1782438874,1782438874253,0,0,10181,685940,3,0.5,161.828,0.0,0.0,0.0,0.0,USDJPY,profit_harvester,3LJ5VI2QGLS5S,2026-06-26T01:54:34+00:00,2026-06-26T01:54:34.253000+00:00
532928,685942,1782438874,1782438874285,0,0,10181,685942,3,0.5,0.81046,0.0,0.0,0.0,0.0,USDCHF,profit_harvester,3LJ5VI2REDDPE,2026-06-26T01:54:34+00:00,2026-06-26T01:54:34.285000+00:00
532929,685943,1782438874,1782438874322,1,0,10181,685943,3,0.5,1.13634,0.0,0.0,0.0,0.0,EURUSD,profit_harvester,3LJ5VI2SILZTS,2026-06-26T01:54:34+00:00,2026-06-26T01:54:34.322000+00:00
533604,686795,1782439111,1782439111201,1,0,10181,686795,3,0.1,4021.391,0.0,0.0,0.0,0.0,XAUUSD,profit_harvester,3LJ5VOXFZ4VKJ,2026-06-26T01:58:31+00:00,2026-06-26T01:58:31.201000+00:00
533792,687175,1782439200,1782439200009,0,1,10181,686795,3,0.1,4020.569,0.0,0.0,8.22,0.0,XAUUSD,profit_harvester,3LJ5VRK4O5NQM,2026-06-26T02:00:00+00:00,2026-06-26T02:00:00.009000+00:00
534700,688454,1782439483,1782439483526,0,1,10181,680563,3,0.5,0.68975,0.0,0.0,5.0,0.0,AUDUSD,profit_harvester,3LJ5VZS66AOAV,2026-06-26T02:04:43+00:00,2026-06-26T02:04:43.526000+00:00
535759,689829,1782439837,1782439837874,1,0,10181,689829,3,0.5,0.69005,0.0,0.0,0.0,0.0,AUDUSD,profit_harvester,3LJ5WE46L6W2G,2026-06-26T02:10:37+00:00,2026-06-26T02:10:37.874000+00:00
536052,690158,1782439942,1782439942938,1,0,10181,690158,3,0.1,4021.085,0.0,0.0,0.0,0.0,XAUUSD,profit_harvester,3LJ5WH5ZPNFJB,2026-06-26T02:12:22+00:00,2026-06-26T02:12:22.938000+00:00
536127,690219,1782439969,1782439969187,0,1,10181,690158,3,0.1,4020.575,0.0,0.0,5.1,0.0,XAUUSD,profit_harvester,3LJ5WHWHYMIUS,2026-06-26T02:12:49+00:00,2026-06-26T02:12:49.187000+00:00
536311,690533,1782440045,1782440045501,0,1,10181,689829,3,0.5,0.68994,0.0,0.0,5.5,0.0,AUDUSD,profit_harvester,3LJ5WK5KABAV7,2026-06-26T02:14:05+00:00,2026-06-26T02:14:05.501000+00:00
536979,691433,1782440269,1782440269261,1,0,10181,691433,3,0.1,4025.845,0.0,0.0,0.0,0.0,XAUUSD,profit_harvester,3LJ5WQNWV77DD,2026-06-26T02:17:49+00:00,2026-06-26T02:17:49.261000+00:00
536997,691450,1782440279,1782440279745,0,1,10181,691433,3,0.1,4025.285,0.0,0.0,5.6,0.0,XAUUSD,profit_harvester,3LJ5WQXPDFRCP,2026-06-26T02:17:59+00:00,2026-06-26T02:17:59.745000+00:00
539663,695055,1782441241,1782441241290,0,1,10181,685943,3,0.5,1.13624,0.0,0.0,5.0,0.0,EURUSD,profit_harvester,3LJ5XMX7MZZ5G,2026-06-26T02:34:01+00:00,2026-06-26T02:34:01.290000+00:00
539902,695470,1782441326,1782441326411,1,1,10181,685942,3,0.5,0.81057,0.0,0.0,6.79,0.0,USDCHF,profit_harvester,3LJ5XPGIFYEK3,2026-06-26T02:35:26+00:00,2026-06-26T02:35:26.411000+00:00
539936,695546,1782441339,1782441339058,1,1,10181,685940,3,0.5,161.845,0.0,0.0,5.25,0.0,USDJPY,profit_harvester,3LJ5XPSBDFDAS,2026-06-26T02:35:39+00:00,2026-06-26T02:35:39.058000+00:00
539987,695682,1782441360,1782441360116,0,1,10181,681788,3,0.5,1.31897,0.0,0.0,5.0,0.0,GBPUSD,profit_harvester,3LJ5XQFUVWG2R,2026-06-26T02:36:00+00:00,2026-06-26T02:36:00.116000+00:00
543494,701418,1782442565,1782442565003,0,0,10181,701418,3,0.5,161.809,0.0,0.0,0.0,0.0,USDJPY,profit_harvester,3LJ5YTHZD66TT,2026-06-26T02:56:05+00:00,2026-06-26T02:56:05.003000+00:00
610323,858439,1782466374,1782466374010,0,0,10181,858439,3,0.5,0.80806,0.0,0.0,0.0,0.0,USDCHF,profit_harvester,3LJ6OIFUZZPWZ,2026-06-26T09:32:54+00:00,2026-06-26T09:32:54.010000+00:00
610324,858440,1782466374,1782466374040,1,0,10181,858440,3,0.1,4034.45,0.0,0.0,0.0,0.0,XAUUSD,profit_harvester,3LJ6OIFVWTTAB,2026-06-26T09:32:54+00:00,2026-06-26T09:32:54.040000+00:00
610325,858441,1782466374,1782466374070,1,0,10181,858441,3,0.5,1.13975,0.0,0.0,0.0,0.0,EURUSD,profit_harvester,3LJ6OIFWTDPTL,2026-06-26T09:32:54+00:00,2026-06-26T09:32:54.070000+00:00
610326,858442,1782466374,1782466374100,1,0,10181,858442,3,0.5,1.32087,0.0,0.0,0.0,0.0,GBPUSD,profit_harvester,3LJ6OIFXPTOIT,2026-06-26T09:32:54+00:00,2026-06-26T09:32:54.100000+00:00
610361,858486,1782466391,1782466391837,0,1,10181,858440,3,0.1,4033.84,0.0,0.0,6.1,0.0,XAUUSD,profit_harvester,3LJ6OIWICZAQJ,2026-06-26T09:33:11+00:00,2026-06-26T09:33:11.837000+00:00
610377,858506,1782466393,1782466393970,0,1,10181,858441,3,0.5,1.13965,0.0,0.0,5.0,0.0,EURUSD,profit_harvester,3LJ6OIYHVZAZI,2026-06-26T09:33:13+00:00,2026-06-26T09:33:13.970000+00:00
610470,858580,1782466425,1782466425488,1,1,10181,858439,3,0.5,0.80815,0.0,0.0,5.57,0.0,USDCHF,profit_harvester,3LJ6OJVT6ZKSP,2026-06-26T09:33:45+00:00,2026-06-26T09:33:45.488000+00:00
610471,858581,1782466425,1782466425520,0,1,10181,858442,3,0.5,1.32075,0.0,0.0,6.0,0.0,GBPUSD,profit_harvester,3LJ6OJVU5ZJHT,2026-06-26T09:33:45+00:00,2026-06-26T09:33:45.520000+00:00
611282,860869,1782466735,1782466735054,1,0,10181,860869,3,0.5,1.32105,0.0,0.0,0.0,0.0,GBPUSD,profit_harvester,3LJ6OSW4YDLSK,2026-06-26T09:38:55+00:00,2026-06-26T09:38:55.054000+00:00
611740,861304,1782466934,1782466934797,1,0,10181,861304,3,0.1,4034.405,0.0,0.0,0.0,0.0,XAUUSD,profit_harvester,3LJ6OYQ5RX632,2026-06-26T09:42:14+00:00,2026-06-26T09:42:14.797000+00:00
611856,861398,1782466982,1782466982183,1,0,10181,861398,3,0.5,1.13999,0.0,0.0,0.0,0.0,EURUSD,profit_harvester,3LJ6P24BZEKEI,2026-06-26T09:43:02+00:00,2026-06-26T09:43:02.183000+00:00
611903,861435,1782467005,1782467005974,0,1,10181,861304,3,0.1,4033.87,0.0,0.0,5.35,0.0,XAUUSD,profit_harvester,3LJ6P2SGZOOLL,2026-06-26T09:43:25+00:00,2026-06-26T09:43:25.974000+00:00
614490,872375,1782468056,1782468056669,0,1,10181,861398,3,0.5,1.13989,0.0,0.0,5.0,0.0,EURUSD,profit_harvester,3LJ6PZEY6XCDV,2026-06-26T10:00:56+00:00,2026-06-26T10:00:56.669000+00:00
615115,874859,1782468289,1782468289436,1,0,10181,874859,3,0.1,4034.365,0.0,0.0,0.0,0.0,XAUUSD,profit_harvester,3LJ6QA5R6I2O4,2026-06-26T10:04:49+00:00,2026-06-26T10:04:49.436000+00:00
617216,884602,1782469104,1782469104983,0,1,10181,860869,3,0.5,1.32094,0.0,0.0,5.5,0.0,GBPUSD,profit_harvester,3LJ6QXVCEX2X3,2026-06-26T10:18:24+00:00,2026-06-26T10:18:24.983000+00:00
618021,887113,1782469405,1782469405757,1,0,10181,887113,3,0.5,1.32132,0.0,0.0,0.0,0.0,GBPUSD,profit_harvester,3LJ6RANG5U5XU,2026-06-26T10:23:25+00:00,2026-06-26T10:23:25.757000+00:00
618562,888533,1782469614,1782469614584,1,0,10181,888533,3,0.5,1.14019,0.0,0.0,0.0,0.0,EURUSD,profit_harvester,3LJ6RGPVOGDEX,2026-06-26T10:26:54+00:00,2026-06-26T10:26:54.584000+00:00
618704,889432,1782469676,1782469676160,0,1,10181,888533,3,0.5,1.14009,0.0,0.0,5.0,0.0,EURUSD,profit_harvester,3LJ6RIJASBXTJ,2026-06-26T10:27:56+00:00,2026-06-26T10:27:56.160000+00:00
619559,891230,1782470008,1782470008673,1,0,10181,891230,3,0.5,1.14039,0.0,0.0,0.0,0.0,EURUSD,profit_harvester,3LJ6RS6WFUBQH,2026-06-26T10:33:28+00:00,2026-06-26T10:33:28.673000+00:00
620343,894436,1782470317,1782470317692,1,0,10181,894436,3,0.5,0.69024,0.0,0.0,0.0,0.0,AUDUSD,profit_harvester,3LJ6S36PW4ERL,2026-06-26T10:38:37+00:00,2026-06-26T10:38:37.692000+00:00
621341,895846,1782470732,1782470732793,0,1,10181,894436,3,0.5,0.69011,0.0,0.0,6.5,0.0,AUDUSD,profit_harvester,3LJ6SHBCVNLE2,2026-06-26T10:45:32+00:00,2026-06-26T10:45:32.793000+00:00
621938,896422,1782470919,1782470919331,0,0,10181,896422,3,0.5,0.80784,0.0,0.0,0.0,0.0,USDCHF,profit_harvester,3LJ6SMP25SGXJ,2026-06-26T10:48:39+00:00,2026-06-26T10:48:39.331000+00:00
622335,896830,1782471038,1782471038847,1,0,10181,896830,3,0.5,0.69043,0.0,0.0,0.0,0.0,AUDUSD,profit_harvester,3LJ6SQ6DZKNB5,2026-06-26T10:50:38+00:00,2026-06-26T10:50:38.847000+00:00
623202,898088,1782471278,1782471278546,1,1,10181,896422,3,0.5,0.80795,0.0,0.0,6.8100000000000005,0.0,USDCHF,profit_harvester,3LJ6SX5LMBT6P,2026-06-26T10:54:38+00:00,2026-06-26T10:54:38.546000+00:00
623354,898239,1782471321,1782471321707,0,1,10181,896830,3,0.5,0.69031,0.0,0.0,6.0,0.0,AUDUSD,profit_harvester,3LJ6SYFRVVOEO,2026-06-26T10:55:21+00:00,2026-06-26T10:55:21.707000+00:00
627333,906930,1782472787,1782472787325,0,1,10181,891230,3,0.5,1.14029,0.0,0.0,5.0,0.0,EURUSD,profit_harvester,3LJ6UD2QPTGCE,2026-06-26T11:19:47+00:00,2026-06-26T11:19:47.325000+00:00
629614,917866,1782473694,1782473694673,0,1,10181,874859,3,0.1,4054.629,0.0,0.0,-202.64,0.0,XAUUSD,strategy_v0_emer,3LJ6V5HRSERR4,2026-06-26T11:34:54+00:00,2026-06-26T11:34:54.673000+00:00
629615,917885,1782473695,1782473695741,1,0,10181,917885,3,0.1,4054.16,0.0,0.0,0.0,0.0,XAUUSD,profit_harvester,3LJ6V5IRNEM7R,2026-06-26T11:34:55+00:00,2026-06-26T11:34:55.741000+00:00
629661,918141,1782473709,1782473709176,0,1,10181,917885,3,0.1,4053.649,0.0,0.0,5.11,0.0,XAUUSD,profit_harvester,3LJ6V5VC22XPY,2026-06-26T11:35:09+00:00,2026-06-26T11:35:09.176000+00:00
629678,918285,1782473717,1782473717498,1,0,10181,918285,3,0.5,1.14059,0.0,0.0,0.0,0.0,EURUSD,profit_harvester,3LJ6V65226YCV,2026-06-26T11:35:17+00:00,2026-06-26T11:35:17.498000+00:00
629740,918763,1782473745,1782473745425,0,1,10181,918285,3,0.5,1.14049,0.0,0.0,5.0,0.0,EURUSD,profit_harvester,3LJ6V6X2DK4TM,2026-06-26T11:35:45+00:00,2026-06-26T11:35:45.425000+00:00
633352,924414,1782474860,1782474860692,1,0,10181,924414,3,0.1,4054.245,0.0,0.0,0.0,0.0,XAUUSD,profit_harvester,3LJ6W7FPUHW44,2026-06-26T11:54:20+00:00,2026-06-26T11:54:20.692000+00:00
633365,924425,1782474863,1782474863816,0,1,10181,924414,3,0.1,4053.6,0.0,0.0,6.45,0.0,XAUUSD,profit_harvester,3LJ6W7IMSFEZE,2026-06-26T11:54:23+00:00,2026-06-26T11:54:23.816000+00:00
634250,925893,1782475178,1782475178528,1,0,10181,925893,3,0.1,4054.51,0.0,0.0,0.0,0.0,XAUUSD,profit_harvester,3LJ6WINQ4HYSW,2026-06-26T11:59:38+00:00,2026-06-26T11:59:38.528000+00:00
634822,926392,1782475331,1782475331693,0,1,10181,925893,3,0.1,4053.854,0.0,0.0,6.5600000000000005,0.0,XAUUSD,profit_harvester,3LJ6WN4ESGFZZ,2026-06-26T12:02:11+00:00,2026-06-26T12:02:11.693000+00:00
636003,928393,1782475666,1782475666994,1,0,10181,928393,3,0.1,4054.42,0.0,0.0,0.0,0.0,XAUUSD,profit_harvester,3LJ6WWUNKP7WT,2026-06-26T12:07:46+00:00,2026-06-26T12:07:46.994000+00:00
636171,928901,1782475715,1782475715494,0,1,10181,928393,3,0.1,4053.869,0.0,0.0,5.51,0.0,XAUUSD,profit_harvester,3LJ6WYBSXFKTP,2026-06-26T12:08:35+00:00,2026-06-26T12:08:35.494000+00:00
640182,938478,1782477073,1782477073204,1,0,10181,938478,3,0.1,4054.65,0.0,0.0,0.0,0.0,XAUUSD,profit_harvester,3LJ6Y7SBUR6PF,2026-06-26T12:31:13+00:00,2026-06-26T12:31:13.204000+00:00
640218,938688,1782477084,1782477084657,0,1,10181,938478,3,0.1,4053.92,0.0,0.0,7.3,0.0,XAUUSD,profit_harvester,3LJ6YA4X72JY5,2026-06-26T12:31:24+00:00,2026-06-26T12:31:24.657000+00:00
643064,947133,1782478350,1782478350398,0,1,10181,887113,3,0.5,1.32122,0.0,0.0,5.0,0.0,GBPUSD,profit_harvester,3LJ6ZEXRABX5A,2026-06-26T12:52:30+00:00,2026-06-26T12:52:30.398000+00:00
643889,948205,1782478684,1782478684877,1,0,10181,948205,3,0.5,1.32154,0.0,0.0,0.0,0.0,GBPUSD,profit_harvester,3LJ6ZOPBHU4JX,2026-06-26T12:58:04+00:00,2026-06-26T12:58:04.877000+00:00
647237,953801,1782480026,1782480026139,0,1,10181,948205,3,0.5,1.32127,0.0,0.0,13.5,0.0,GBPUSD,profit_harvester,3LJ72VQG6QGAK,2026-06-26T13:20:26+00:00,2026-06-26T13:20:26.139000+00:00
648574,956161,1782480478,1782480478392,1,0,10181,956161,3,0.5,1.32158,0.0,0.0,0.0,0.0,GBPUSD,profit_harvester,3LJ73CVMDD35M,2026-06-26T13:27:58+00:00,2026-06-26T13:27:58.392000+00:00
648773,956379,1782480548,1782480548839,0,1,10181,956161,3,0.5,1.32148,0.0,0.0,5.0,0.0,GBPUSD,profit_harvester,3LJ73EX7TYIBT,2026-06-26T13:29:08+00:00,2026-06-26T13:29:08.839000+00:00
651223,959911,1782481255,1782481255696,1,0,10181,959911,3,0.5,1.14079,0.0,0.0,0.0,0.0,EURUSD,profit_harvester,3LJ73ZJJTNJYF,2026-06-26T13:40:55+00:00,2026-06-26T13:40:55.696000+00:00
652261,961494,1782481509,1782481509507,0,1,10181,959911,3,0.5,1.14069,0.0,0.0,5.0,0.0,EURUSD,profit_harvester,3LJ74AVVZ4CXH,2026-06-26T13:45:09+00:00,2026-06-26T13:45:09.507000+00:00
653543,963124,1782481823,1782481823935,1,0,10181,963124,3,0.5,1.141,0.0,0.0,0.0,0.0,EURUSD,profit_harvester,3LJ74K2QON6PF,2026-06-26T13:50:23+00:00,2026-06-26T13:50:23.935000+00:00
654925,964912,1782482228,1782482228730,0,0,10181,964912,3,0.5,0.80765,0.0,0.0,0.0,0.0,USDCHF,profit_harvester,3LJ74VTQJUJ3V,2026-06-26T13:57:08+00:00,2026-06-26T13:57:08.730000+00:00
655066,965127,1782482268,1782482268984,1,0,10181,965127,3,0.1,4055.035,0.0,0.0,0.0,0.0,XAUUSD,profit_harvester,3LJ74WZA67YUE,2026-06-26T13:57:48+00:00,2026-06-26T13:57:48.984000+00:00
655097,965156,1782482277,1782482277194,1,0,10181,965156,3,0.5,1.32178,0.0,0.0,0.0,0.0,GBPUSD,profit_harvester,3LJ74XAUUGUTL,2026-06-26T13:57:57+00:00,2026-06-26T13:57:57.194000+00:00
655124,965205,1782482285,1782482285441,0,1,10181,965156,3,0.5,1.32164,0.0,0.0,7.0,0.0,GBPUSD,profit_harvester,3LJ74XIKNAQQI,2026-06-26T13:58:05+00:00,2026-06-26T13:58:05.441000+00:00
655134,965210,1782482288,1782482288538,0,1,10181,965127,3,0.1,4054.285,0.0,0.0,7.5,0.0,XAUUSD,profit_harvester,3LJ74XLGWEOGF,2026-06-26T13:58:08+00:00,2026-06-26T13:58:08.538000+00:00
656322,966675,1782482597,1782482597263,1,0,10181,966675,3,0.1,4055.11,0.0,0.0,0.0,0.0,XAUUSD,profit_harvester,3LJ75AKXNFSGI,2026-06-26T14:03:17+00:00,2026-06-26T14:03:17.263000+00:00
656359,966736,1782482606,1782482606612,0,1,10181,966675,3,0.1,4054.3,0.0,0.0,8.1,0.0,XAUUSD,profit_harvester,3LJ75ATOBUCIW,2026-06-26T14:03:26+00:00,2026-06-26T14:03:26.612000+00:00
657210,967840,1782482832,1782482832688,1,0,10181,967840,3,0.5,1.32194,0.0,0.0,0.0,0.0,GBPUSD,profit_harvester,3LJ75HG7UQJBX,2026-06-26T14:07:12+00:00,2026-06-26T14:07:12.688000+00:00
657701,968444,1782482965,1782482965613,0,1,10181,967840,3,0.5,1.3218,0.0,0.0,7.0,0.0,GBPUSD,profit_harvester,3LJ75LBZDWPWT,2026-06-26T14:09:25+00:00,2026-06-26T14:09:25.613000+00:00
658818,970027,1782483243,1782483243272,1,0,10181,970027,3,0.5,0.69064,0.0,0.0,0.0,0.0,AUDUSD,profit_harvester,3LJ75TEMAIRBI,2026-06-26T14:14:03+00:00,2026-06-26T14:14:03.272000+00:00
659016,970296,1782483303,1782483303991,0,1,10181,970027,3,0.5,0.6905,0.0,0.0,7.0,0.0,AUDUSD,profit_harvester,3LJ75V55SGGQS,2026-06-26T14:15:03+00:00,2026-06-26T14:15:03.991000+00:00
659840,971439,1782483529,1782483529163,1,1,10181,964912,3,0.5,0.80776,0.0,0.0,6.8100000000000005,0.0,USDCHF,profit_harvester,3LJ763OUGSXBZ,2026-06-26T14:18:49+00:00,2026-06-26T14:18:49.163000+00:00
660454,972126,1782483647,1782483647983,1,0,10181,972126,3,0.1,4054.846,0.0,0.0,0.0,0.0,XAUUSD,profit_harvester,3LJ7675JKEBUI,2026-06-26T14:20:47+00:00,2026-06-26T14:20:47.983000+00:00
660485,972197,1782483656,1782483656241,0,1,10181,972126,3,0.1,4054.335,0.0,0.0,5.11,0.0,XAUUSD,profit_harvester,3LJ767F7O2KQB,2026-06-26T14:20:56+00:00,2026-06-26T14:20:56.241000+00:00
661171,972951,1782483829,1782483829896,0,0,10181,972951,3,0.5,0.80716,0.0,0.0,0.0,0.0,USDCHF,profit_harvester,3LJ76EGWYBGC2,2026-06-26T14:23:49+00:00,2026-06-26T14:23:49.896000+00:00
661319,973188,1782483876,1782483876462,1,1,10181,972951,3,0.5,0.80725,0.0,0.0,5.57,0.0,USDCHF,profit_harvester,3LJ76FSCRBOKR,2026-06-26T14:24:36+00:00,2026-06-26T14:24:36.462000+00:00
661638,973568,1782483957,1782483957198,1,0,10181,973568,3,0.1,4057.225,0.0,0.0,0.0,0.0,XAUUSD,profit_harvester,3LJ76I5IUKMUH,2026-06-26T14:25:57+00:00,2026-06-26T14:25:57.198000+00:00
661657,973599,1782483962,1782483962341,0,1,10181,973568,3,0.1,4056.345,0.0,0.0,8.8,0.0,XAUUSD,profit_harvester,3LJ76ICC5BVI6,2026-06-26T14:26:02+00:00,2026-06-26T14:26:02.341000+00:00
665533,978729,1782484935,1782484935647,1,0,10181,978729,3,0.5,0.6908,0.0,0.0,0.0,0.0,AUDUSD,profit_harvester,3LJ77EMQX6AR4,2026-06-26T14:42:15+00:00,2026-06-26T14:42:15.647000+00:00
665673,978916,1782484972,1782484972766,0,1,10181,978729,3,0.5,0.6907,0.0,0.0,5.0,0.0,AUDUSD,profit_harvester,3LJ77FPD6DFL2,2026-06-26T14:42:52+00:00,2026-06-26T14:42:52.766000+00:00
665678,978925,1782484973,1782484973837,1,0,10181,978925,3,0.1,4057.08,0.0,0.0,0.0,0.0,XAUUSD,profit_harvester,3LJ77FQD3ILET,2026-06-26T14:42:53+00:00,2026-06-26T14:42:53.837000+00:00
665912,979305,1782485026,1782485026209,0,2,0,978925,0,0.5,4060.655,0.0,0.0,-35.75,0.0,XAUUSD,,3LJ77HB3UXBQN,2026-06-26T14:43:46+00:00,2026-06-26T14:43:46.209000+00:00
666152,979562,1782485080,1782485080677,1,1,0,978925,0,0.4,4060.71,0.0,0.0,2.2,0.0,XAUUSD,,3LJ77ITT63YJY,2026-06-26T14:44:40+00:00,2026-06-26T14:44:40.677000+00:00
666154,979569,1782485081,1782485081529,1,0,10181,979569,3,0.1,4060.655,0.0,0.0,0.0,0.0,XAUUSD,profit_harvester,3LJ77IUMK75S5,2026-06-26T14:44:41+00:00,2026-06-26T14:44:41.529000+00:00
666279,979772,1782485109,1782485109441,0,1,10181,979569,3,0.1,4059.51,0.0,0.0,11.45,0.0,XAUUSD,profit_harvester,3LJ77JOMFV2NX,2026-06-26T14:45:09+00:00,2026-06-26T14:45:09.441000+00:00
666632,980423,1782485194,1782485194867,0,0,0,980423,0,0.5,4060.005,0.0,0.0,0.0,0.0,XAUUSD,,3LJ77M66AYMME,2026-06-26T14:46:34+00:00,2026-06-26T14:46:34.867000+00:00
666660,980470,1782485202,1782485202628,1,1,0,980423,0,0.5,4060.49,0.0,0.0,24.25,0.0,XAUUSD,,3LJ77MFFLKEV6,2026-06-26T14:46:42+00:00,2026-06-26T14:46:42.628000+00:00
667167,981419,1782485325,1782485325648,0,0,0,981419,0,0.5,58.4925,0.0,0.0,0.0,0.0,XAGUSD,,3LJ77PXXUJ3PC,2026-06-26T14:48:45+00:00,2026-06-26T14:48:45.648000+00:00
667318,981770,1782485371,1782485371573,1,1,0,981419,0,0.5,58.5097,0.0,0.0,43.0,0.0,XAGUSD,,3LJ77RCQJUMKU,2026-06-26T14:49:31+00:00,2026-06-26T14:49:31.573000+00:00
667466,982084,1782485409,1782485409678,1,0,10181,982084,3,0.1,4062.351,0.0,0.0,0.0,0.0,XAUUSD,profit_harvester,3LJ77SGA5H7JG,2026-06-26T14:50:09+00:00,2026-06-26T14:50:09.678000+00:00
668133,983197,1782485568,1782485568130,0,1,10181,982084,3,0.1,4061.27,0.0,0.0,10.81,0.0,XAUUSD,profit_harvester,3LJ77WZSEZM25,2026-06-26T14:52:48+00:00,2026-06-26T14:52:48.130000+00:00
669019,984682,1782485792,1782485792065,0,0,0,984682,0,0.2,4070.085,0.0,0.0,0.0,0.0,XAUUSD,,3LJ7A5KE6E4QB,2026-06-26T14:56:32+00:00,2026-06-26T14:56:32.065000+00:00
669106,984779,1782485821,1782485821216,1,1,0,984682,0,0.2,4070.825,0.0,0.0,14.8,0.0,XAUUSD,,3LJ7A6FIXHARH,2026-06-26T14:57:01+00:00,2026-06-26T14:57:01.216000+00:00
669183,984858,1782485844,1782485844597,1,0,10181,984858,3,0.5,0.69102,0.0,0.0,0.0,0.0,AUDUSD,profit_harvester,3LJ7A73BQTXH5,2026-06-26T14:57:24+00:00,2026-06-26T14:57:24.597000+00:00
669270,984942,1782485868,1782485868353,1,0,10181,984942,3,0.1,4075.93,0.0,0.0,0.0,0.0,XAUUSD,profit_harvester,3LJ7A7RFQ56P7,2026-06-26T14:57:48+00:00,2026-06-26T14:57:48.353000+00:00
669298,984964,1782485877,1782485877643,1,0,10181,984964,3,0.5,1.3221,0.0,0.0,0.0,0.0,GBPUSD,profit_harvester,3LJ7AA22LLYKN,2026-06-26T14:57:57+00:00,2026-06-26T14:57:57.643000+00:00
669387,985058,1782485904,1782485904417,0,1,10181,984942,3,0.1,4075.204,0.0,0.0,7.26,0.0,XAUUSD,profit_harvester,3LJ7AASYJUA4S,2026-06-26T14:58:24+00:00,2026-06-26T14:58:24.417000+00:00
669577,985224,1782485958,1782485958225,0,0,10181,985224,3,0.4,0.80695,0.0,0.0,0.0,0.0,USDCHF,profit_harvester,3LJ7ACF44LK56,2026-06-26T14:59:18+00:00,2026-06-26T14:59:18.225000+00:00
669578,985224,1782485958,1782485958229,0,0,10181,985224,3,0.1,0.80696,0.0,0.0,0.0,0.0,USDCHF,profit_harvester,3LJ7ACF44LPK2,2026-06-26T14:59:18+00:00,2026-06-26T14:59:18.229000+00:00
669599,985259,1782485967,1782485967976,0,1,0,963124,0,0.5,1.14246,0.0,0.0,-73.0,0.0,EURUSD,,3LJ7ACO6PG3XK,2026-06-26T14:59:27+00:00,2026-06-26T14:59:27.976000+00:00
669603,985264,1782485968,1782485968577,1,0,10181,985264,3,0.5,1.14245,0.0,0.0,0.0,0.0,EURUSD,profit_harvester,3LJ7ACOQNJURT,2026-06-26T14:59:28+00:00,2026-06-26T14:59:28.577000+00:00
669813,985482,1782486024,1782486024240,0,1,10181,985264,3,0.5,1.14234,0.0,0.0,5.5,0.0,EURUSD,profit_harvester,3LJ7AECLJXC3L,2026-06-26T15:00:24+00:00,2026-06-26T15:00:24.240000+00:00
670498,986136,1782486224,1782486224287,1,1,10181,985224,3,0.5,0.80704,0.0,0.0,5.45,0.0,USDCHF,profit_harvester,3LJ7AK4VEPZGU,2026-06-26T15:03:44+00:00,2026-06-26T15:03:44.287000+00:00
670663,986289,1782486275,1782486275504,1,0,10181,986289,3,0.1,4076.13,0.0,0.0,0.0,0.0,XAUUSD,profit_harvester,3LJ7ALMLRUGOB,2026-06-26T15:04:35+00:00,2026-06-26T15:04:35.504000+00:00
670851,986494,1782486325,1782486325536,0,1,10181,986289,3,0.1,4075.55,0.0,0.0,5.8,0.0,XAUUSD,profit_harvester,3LJ7AN36TYQOV,2026-06-26T15:05:25+00:00,2026-06-26T15:05:25.536000+00:00
670918,986584,1782486343,1782486343432,0,1,10181,984858,3,0.5,0.6909,0.0,0.0,6.0,0.0,AUDUSD,profit_harvester,3LJ7ANLU7FXLO,2026-06-26T15:05:43+00:00,2026-06-26T15:05:43.432000+00:00
671848,987577,1782486625,1782486625953,1,0,10181,987577,3,0.1,4079.178,0.0,0.0,0.0,0.0,XAUUSD,profit_harvester,3LJ7AVSXY7WZB,2026-06-26T15:10:25+00:00,2026-06-26T15:10:25.953000+00:00
671859,987590,1782486630,1782486630214,0,1,10181,987577,3,0.1,4078.175,0.0,0.0,10.03,0.0,XAUUSD,profit_harvester,3LJ7AVWWXMYSZ,2026-06-26T15:10:30+00:00,2026-06-26T15:10:30.214000+00:00
672482,988228,1782486818,1782486818989,1,0,10181,988228,3,0.5,0.69122,0.0,0.0,0.0,0.0,AUDUSD,profit_harvester,3LJ7B3GQVK3NP,2026-06-26T15:13:38+00:00,2026-06-26T15:13:38.989000+00:00
672879,988621,1782486930,1782486930692,1,0,10181,988621,3,0.1,4083.565,0.0,0.0,0.0,0.0,XAUUSD,profit_harvester,3LJ7B6ORVFD63,2026-06-26T15:15:30+00:00,2026-06-26T15:15:30.692000+00:00
675127,991820,1782487504,1782487504144,0,1,10181,988621,3,0.1,4089.68,0.0,0.0,-61.15,0.0,XAUUSD,harv_reconcile,3LJ7BPEU3YBPP,2026-06-26T15:25:04+00:00,2026-06-26T15:25:04.144000+00:00
677494,995700,1782488083,1782488083939,0,1,10181,988228,3,0.5,0.69111,0.0,0.0,5.5,0.0,AUDUSD,profit_harvester,3LJ7CAATDZEXU,2026-06-26T15:34:43+00:00,2026-06-26T15:34:43.939000+00:00
678256,996762,1782488271,1782488271782,0,0,10181,996762,3,0.1,4077.672,0.0,0.0,0.0,0.0,XAUUSD,profit_harvester,3LJ7CFPRIFXUL,2026-06-26T15:37:51+00:00,2026-06-26T15:37:51.782000+00:00
678598,997352,1782488350,1782488350863,1,1,10181,996762,3,0.1,4078.2,0.0,0.0,5.28,0.0,XAUUSD,profit_harvester,3LJ7CHZGCUKS6,2026-06-26T15:39:10+00:00,2026-06-26T15:39:10.863000+00:00
678948,997967,1782488451,1782488451435,0,1,10181,984964,3,0.5,1.322,0.0,0.0,5.0,0.0,GBPUSD,profit_harvester,3LJ7CKX3KZAO6,2026-06-26T15:40:51+00:00,2026-06-26T15:40:51.435000+00:00
679145,998318,1782488507,1782488507990,1,0,0,998318,0,0.1,4076.6,0.0,0.0,0.0,0.0,XAUUSD,,3LJ7CMLR2ESKV,2026-06-26T15:41:47+00:00,2026-06-26T15:41:47.990000+00:00
679146,998319,1782488508,1782488508092,0,1,10181,998318,3,0.1,4076.78,0.0,0.0,-1.8,0.0,XAUUSD,harv_reconcile,3LJ7CMLU3OG7U,2026-06-26T15:41:48+00:00,2026-06-26T15:41:48.092000+00:00
679558,999050,1782488620,1782488620371,1,1,0,701418,0,0.5,161.613,0.0,0.0,-60.64,0.0,USDJPY,,3LJ7CPUGAHXSR,2026-06-26T15:43:40+00:00,2026-06-26T15:43:40.371000+00:00
679559,999051,1782488621,1782488621225,0,0,10181,999051,3,0.5,161.615,0.0,0.0,0.0,0.0,USDJPY,profit_harvester,3LJ7CPV7PFJ7X,2026-06-26T15:43:41+00:00,2026-06-26T15:43:41.225000+00:00
680885,1001258,1782488978,1782488978654,0,0,0,999051,0,0.5,161.605,0.0,0.0,0.0,0.0,USDJPY,,3LJ7D2C3VKFP6,2026-06-26T15:49:38+00:00,2026-06-26T15:49:38.654000+00:00
680923,1001292,1782488987,1782488987254,0,0,10181,1001292,3,0.5,1.32167,0.0,0.0,0.0,0.0,GBPUSD,profit_harvester,3LJ7D2K4ABISX,2026-06-26T15:49:47+00:00,2026-06-26T15:49:47.254000+00:00
680928,1001314,1782488990,1782488990358,1,1,0,999051,0,1.0,161.617,0.0,0.0,4.33,0.0,USDJPY,,3LJ7D2MYQ3QHT,2026-06-26T15:49:50+00:00,2026-06-26T15:49:50.358000+00:00
680932,1001328,1782488991,1782488991408,0,0,10181,1001328,3,0.5,161.617,0.0,0.0,0.0,0.0,USDJPY,profit_harvester,3LJ7D2NXZWQV6,2026-06-26T15:49:51+00:00,2026-06-26T15:49:51.408000+00:00
680957,1001354,1782488996,1782488996597,1,1,10181,1001292,3,0.5,1.32182,0.0,0.0,7.5,0.0,GBPUSD,profit_harvester,3LJ7D2SSO7MLQ,2026-06-26T15:49:56+00:00,2026-06-26T15:49:56.597000+00:00
681208,1001696,1782489070,1782489070534,1,1,0,1001328,0,0.5,161.624,0.0,0.0,2.17,0.0,USDJPY,,3LJ7D4XO55TZB,2026-06-26T15:51:10+00:00,2026-06-26T15:51:10.534000+00:00
681215,1001707,1782489071,1782489071587,0,0,10181,1001707,3,0.5,161.625,0.0,0.0,0.0,0.0,USDJPY,profit_harvester,3LJ7D4YNGNTLR,2026-06-26T15:51:11+00:00,2026-06-26T15:51:11.587000+00:00
681359,1001968,1782489109,1782489109966,1,1,0,1001707,0,0.5,161.626,0.0,0.0,0.31,0.0,USDJPY,,3LJ7D64FDEPIR,2026-06-26T15:51:49+00:00,2026-06-26T15:51:49.966000+00:00
681360,1001974,1782489110,1782489110490,0,0,10181,1001974,3,0.5,161.626,0.0,0.0,0.0,0.0,USDJPY,profit_harvester,3LJ7D64UXASGU,2026-06-26T15:51:50+00:00,2026-06-26T15:51:50.490000+00:00
681409,1002056,1782489122,1782489122752,1,1,0,1001974,0,0.5,161.627,0.0,0.0,0.31,0.0,USDJPY,,3LJ7D6ICEQ2JN,2026-06-26T15:52:02+00:00,2026-06-26T15:52:02.752000+00:00
681410,1002057,1782489123,1782489123108,0,0,10181,1002057,3,0.5,161.628,0.0,0.0,0.0,0.0,USDJPY,profit_harvester,3LJ7D6IMYAVKO,2026-06-26T15:52:03+00:00,2026-06-26T15:52:03.108000+00:00
681469,1002150,1782489141,1782489141017,1,1,0,1002057,0,0.5,161.629,0.0,0.0,0.31,0.0,USDJPY,,3LJ7D6ZCPMRFW,2026-06-26T15:52:21+00:00,2026-06-26T15:52:21.017000+00:00
681470,1002151,1782489141,1782489141084,0,0,10181,1002151,3,0.5,161.631,0.0,0.0,0.0,0.0,USDJPY,profit_harvester,3LJ7D6ZEPL6RQ,2026-06-26T15:52:21+00:00,2026-06-26T15:52:21.084000+00:00
681916,1002777,1782489267,1782489267786,1,1,10181,1002151,3,0.5,161.648,0.0,0.0,5.26,0.0,USDJPY,profit_harvester,3LJ7DCPEQOZPP,2026-06-26T15:54:27+00:00,2026-06-26T15:54:27.786000+00:00
682025,1002930,1782489297,1782489297613,0,0,10181,1002930,3,0.5,1.32075,0.0,0.0,0.0,0.0,GBPUSD,profit_harvester,3LJ7DDL5NMBRQ,2026-06-26T15:54:57+00:00,2026-06-26T15:54:57.613000+00:00
684410,1006479,1782489989,1782489989332,0,0,10181,1006479,3,0.1,4077.575,0.0,0.0,0.0,0.0,XAUUSD,profit_harvester,3LJ7DXPEIA23U,2026-06-26T16:06:29+00:00,2026-06-26T16:06:29.332000+00:00
684686,1007086,1782490063,1782490063226,1,1,10181,1006479,3,0.1,4078.08,0.0,0.0,5.05,0.0,XAUUSD,profit_harvester,3LJ7DZU6OQYA2,2026-06-26T16:07:43+00:00,2026-06-26T16:07:43.226000+00:00
685938,1009290,1782490413,1782490413089,1,1,10181,1002930,3,0.5,1.32087,0.0,0.0,6.0,0.0,GBPUSD,profit_harvester,3LJ7EDZZGRFK7,2026-06-26T16:13:33+00:00,2026-06-26T16:13:33.089000+00:00
704225,1042091,1782495464,1782495464876,0,0,10181,1042091,3,0.5,1.32054,0.0,0.0,0.0,0.0,GBPUSD,profit_harvester,3LJ7IX2UGCQBW,2026-06-26T17:37:44+00:00,2026-06-26T17:37:44.876000+00:00
704578,1042973,1782495585,1782495585336,1,1,10181,1042091,3,0.5,1.32065,0.0,0.0,5.5,0.0,GBPUSD,profit_harvester,3LJ7J2L2FYSZV,2026-06-26T17:39:45+00:00,2026-06-26T17:39:45.336000+00:00
712762,1065834,1782498070,1782498070680,0,0,10181,1065834,3,0.5,1.32035,0.0,0.0,0.0,0.0,GBPUSD,profit_harvester,3LJ7LCVPFX3ZR,2026-06-26T18:21:10+00:00,2026-06-26T18:21:10.680000+00:00
712912,1065974,1782498108,1782498108763,1,1,10181,1065834,3,0.5,1.32046,0.0,0.0,5.5,0.0,GBPUSD,profit_harvester,3LJ7LDZ6F3LZK,2026-06-26T18:21:48+00:00,2026-06-26T18:21:48.763000+00:00
714915,1070348,1782498704,1782498704147,0,0,10181,1070348,3,0.5,1.32016,0.0,0.0,0.0,0.0,GBPUSD,profit_harvester,3LJ7LVDO7UW4F,2026-06-26T18:31:44+00:00,2026-06-26T18:31:44.147000+00:00
715024,1070488,1782498731,1782498731759,0,0,10181,1070488,3,0.1,4077.545,0.0,0.0,0.0,0.0,XAUUSD,profit_harvester,3LJ7LW5F4NBGV,2026-06-26T18:32:11+00:00,2026-06-26T18:32:11.759000+00:00
715190,1070749,1782498781,1782498781498,1,1,10181,1070488,3,0.1,4078.075,0.0,0.0,5.3,0.0,XAUUSD,profit_harvester,3LJ7LXLPH7QZ4,2026-06-26T18:33:01+00:00,2026-06-26T18:33:01.498000+00:00
716225,1073255,1782499082,1782499082347,0,0,10181,1073255,3,0.1,4076.175,0.0,0.0,0.0,0.0,XAUUSD,profit_harvester,3LJ7MADVGQXM4,2026-06-26T18:38:02+00:00,2026-06-26T18:38:02.347000+00:00
717081,1077237,1782499351,1782499351444,1,1,10181,1073255,3,0.1,4076.81,0.0,0.0,6.35,0.0,XAUUSD,profit_harvester,3LJ7MI6J6DTHA,2026-06-26T18:42:31+00:00,2026-06-26T18:42:31.444000+00:00
717320,1077640,1782499420,1782499420021,1,1,10181,1070348,3,0.5,1.32028,0.0,0.0,6.0,0.0,GBPUSD,profit_harvester,3LJ7MK6EVNYRT,2026-06-26T18:43:40+00:00,2026-06-26T18:43:40.021000+00:00
717997,1078523,1782499651,1782499651892,0,0,10181,1078523,3,0.1,4075.295,0.0,0.0,0.0,0.0,XAUUSD,profit_harvester,3LJ7MQWD7U7ES,2026-06-26T18:47:31+00:00,2026-06-26T18:47:31.892000+00:00
718298,1079948,1782499758,1782499758516,1,1,10181,1078523,3,0.1,4075.785,0.0,0.0,4.9,0.0,XAUUSD,profit_harvester,3LJ7MTZMUD4Y7,2026-06-26T18:49:18+00:00,2026-06-26T18:49:18.516000+00:00
719189,1084486,1782500059,1782500059302,0,0,10181,1084486,3,0.1,4074.889,0.0,0.0,0.0,0.0,XAUUSD,profit_harvester,3LJ7N4RQY75VF,2026-06-26T18:54:19+00:00,2026-06-26T18:54:19.302000+00:00
719270,1084657,1782500094,1782500094129,1,1,10181,1084486,3,0.1,4075.39,0.0,0.0,5.01,0.0,XAUUSD,profit_harvester,3LJ7N5S6V7AFX,2026-06-26T18:54:54+00:00,2026-06-26T18:54:54.129000+00:00
719940,1085970,1782500325,1782500325107,0,0,10181,1085970,3,0.5,1.31994,0.0,0.0,0.0,0.0,GBPUSD,profit_harvester,3LJ7NEJCLAYCI,2026-06-26T18:58:45+00:00,2026-06-26T18:58:45.107000+00:00
720027,1086082,1782500350,1782500350594,1,1,10181,1085970,3,0.5,1.32004,0.0,0.0,5.0,0.0,GBPUSD,profit_harvester,3LJ7NFB263VZO,2026-06-26T18:59:10+00:00,2026-06-26T18:59:10.594000+00:00
720174,1086306,1782500403,1782500403442,0,0,10181,1086306,3,0.1,4074.82,0.0,0.0,0.0,0.0,XAUUSD,profit_harvester,3LJ7NGSB57YZF,2026-06-26T19:00:03+00:00,2026-06-26T19:00:03.442000+00:00
720911,1090283,1782500628,1782500628074,1,1,10181,1086306,3,0.1,4075.39,0.0,0.0,5.7,0.0,XAUUSD,profit_harvester,3LJ7NNDHOWCVL,2026-06-26T19:03:48+00:00,2026-06-26T19:03:48.074000+00:00
721710,1093775,1782500888,1782500888383,1,0,0,1093775,0,0.5,59.0323,0.0,0.0,0.0,0.0,XAGUSD,,3LJ7NUVVJFGV3,2026-06-26T19:08:08+00:00,2026-06-26T19:08:08.383000+00:00
723536,1101136,1782501413,1782501413851,0,0,10181,1101136,3,0.1,4074.555,0.0,0.0,0.0,0.0,XAUUSD,profit_harvester,3LJ7OE7BO7KT3,2026-06-26T19:16:53+00:00,2026-06-26T19:16:53.851000+00:00
723925,1103039,1782501500,1782501500767,1,1,10181,1101136,3,0.1,4075.085,0.0,0.0,5.3,0.0,XAUUSD,profit_harvester,3LJ7OGQ7YH374,2026-06-26T19:18:20+00:00,2026-06-26T19:18:20.767000+00:00
723929,1103048,1782501501,1782501501392,0,1,0,1093775,0,0.5,59.1053,0.0,0.0,-182.5,0.0,XAGUSD,,3LJ7OGQSMAM6J,2026-06-26T19:18:21+00:00,2026-06-26T19:18:21.392000+00:00
724211,1103590,1782501546,1782501546785,1,0,0,1103590,0,0.5,59.0361,0.0,0.0,0.0,0.0,XAGUSD,,3LJ7OI33FWJ5F,2026-06-26T19:19:06+00:00,2026-06-26T19:19:06.785000+00:00
724295,1103703,1782501574,1782501574983,0,1,0,1103590,0,0.5,59.0333,0.0,0.0,7.0,0.0,XAGUSD,,3LJ7OIVDRPOTK,2026-06-26T19:19:34+00:00,2026-06-26T19:19:34.983000+00:00
724574,1104339,1782501632,1782501632728,1,0,0,1104339,0,0.5,4072.74,0.0,0.0,0.0,0.0,XAUUSD,,3LJ7OKL4PVUWI,2026-06-26T19:20:32+00:00,2026-06-26T19:20:32.728000+00:00
724587,1104347,1782501639,1782501639427,0,1,0,1104339,0,0.5,4072.94,0.0,0.0,-10.0,0.0,XAUUSD,,3LJ7OKREEDHMB,2026-06-26T19:20:39+00:00,2026-06-26T19:20:39.427000+00:00
724644,1104536,1782501655,1782501655979,1,0,0,1104536,0,0.5,4072.38,0.0,0.0,0.0,0.0,XAUUSD,,3LJ7OLARNNZKS,2026-06-26T19:20:55+00:00,2026-06-26T19:20:55.979000+00:00
724674,1104652,1782501664,1782501664844,0,1,0,1104536,0,0.5,4072.12,0.0,0.0,13.0,0.0,XAUUSD,,3LJ7OLIZTVEMU,2026-06-26T19:21:04+00:00,2026-06-26T19:21:04.844000+00:00
724908,1105895,1782501743,1782501743814,0,0,0,1105895,0,0.5,4072.965,0.0,0.0,0.0,0.0,XAUUSD,,3LJ7ONSLDJAFE,2026-06-26T19:22:23+00:00,2026-06-26T19:22:23.814000+00:00
724956,1105934,1782501760,1782501760487,1,1,0,1105895,0,0.5,4073.155,0.0,0.0,9.5,0.0,XAUUSD,,3LJ7OOC4AUMPN,2026-06-26T19:22:40+00:00,2026-06-26T19:22:40.487000+00:00
724991,1105980,1782501770,1782501770540,1,0,0,1105980,0,0.5,4072.8,0.0,0.0,0.0,0.0,XAUUSD,,3LJ7OOLHTVPYZ,2026-06-26T19:22:50+00:00,2026-06-26T19:22:50.540000+00:00
725012,1106028,1782501775,1782501775868,0,1,0,1105980,0,0.5,4072.795,0.0,0.0,0.25,0.0,XAUUSD,,3LJ7OOQGMME6Z,2026-06-26T19:22:55+00:00,2026-06-26T19:22:55.868000+00:00
725028,1106047,1782501783,1782501783072,0,0,0,1106047,0,0.5,0.86264,0.0,0.0,0.0,0.0,EURGBP,,3LJ7OOX5C7FTV,2026-06-26T19:23:03+00:00,2026-06-26T19:23:03.072000+00:00
725081,1106257,1782501801,1782501801355,0,0,10181,1106257,3,0.1,4072.7,0.0,0.0,0.0,0.0,XAUUSD,profit_harvester,3LJ7OPI67CXXI,2026-06-26T19:23:21+00:00,2026-06-26T19:23:21.355000+00:00
725188,1106748,1782501841,1782501841503,1,1,0,1106047,0,0.5,0.86264,0.0,0.0,0.0,0.0,EURGBP,,3LJ7OQNKOXZ7A,2026-06-26T19:24:01+00:00,2026-06-26T19:24:01.503000+00:00
725229,1106781,1782501870,1782501870326,1,0,0,1106781,0,0.5,59.0058,0.0,0.0,0.0,0.0,XAGUSD,,3LJ7ORIFPHE3J,2026-06-26T19:24:30+00:00,2026-06-26T19:24:30.326000+00:00
725570,1109167,1782501988,1782501988745,1,1,10181,1106257,3,0.1,4073.6,0.0,0.0,9.0,0.0,XAUUSD,profit_harvester,3LJ7OUWOTSOAK,2026-06-26T19:26:28+00:00,2026-06-26T19:26:28.745000+00:00
727325,1113027,1782502402,1782502402816,1,0,0,1113027,0,0.5,1.41882,0.0,0.0,0.0,0.0,USDCAD,,3LJ7PAYD4CZU3,2026-06-26T19:33:22+00:00,2026-06-26T19:33:22.816000+00:00
727955,1115001,1782502566,1782502566329,0,1,0,1113027,0,0.5,1.41878,0.0,0.0,1.41,0.0,USDCAD,,3LJ7PFQM6MZKX,2026-06-26T19:36:06+00:00,2026-06-26T19:36:06.329000+00:00
728115,1115448,1782502619,1782502619094,0,0,10181,1115448,3,0.1,4073.095,0.0,0.0,0.0,0.0,XAUUSD,profit_harvester,3LJ7PHBQPO6HW,2026-06-26T19:36:59+00:00,2026-06-26T19:36:59.094000+00:00
728321,1116236,1782502684,1782502684383,1,1,10181,1115448,3,0.1,4073.875,0.0,0.0,7.8,0.0,XAUUSD,profit_harvester,3LJ7PJ6KI2FYB,2026-06-26T19:38:04+00:00,2026-06-26T19:38:04.383000+00:00
728394,1116456,1782502710,1782502710553,1,0,0,1106781,0,0.5,59.0077,0.0,0.0,0.0,0.0,XAGUSD,,3LJ7PJWWG7FMH,2026-06-26T19:38:30+00:00,2026-06-26T19:38:30.553000+00:00
728589,1116704,1782502794,1782502794330,1,0,0,1116704,0,0.5,1.41859,0.0,0.0,0.0,0.0,USDCAD,,3LJ7PMEX5SP2X,2026-06-26T19:39:54+00:00,2026-06-26T19:39:54.330000+00:00
728684,1116809,1782502825,1782502825141,0,1,0,1106781,0,1.0,58.9973,0.0,0.0,47.25,0.0,XAGUSD,,3LJ7PNBNF6OUY,2026-06-26T19:40:25+00:00,2026-06-26T19:40:25.141000+00:00
729044,1117950,1782502940,1782502940553,1,0,0,1117950,0,0.5,161.73,0.0,0.0,0.0,0.0,USDJPY,,3LJ7PQN4VSGEM,2026-06-26T19:42:20+00:00,2026-06-26T19:42:20.553000+00:00
729137,1119242,1782502985,1782502985696,0,0,10181,1119242,3,0.1,4073.175,0.0,0.0,0.0,0.0,XAUUSD,profit_harvester,3LJ7PRX6CECAA,2026-06-26T19:43:05+00:00,2026-06-26T19:43:05.696000+00:00
729341,1120670,1782503051,1782503051726,1,1,10181,1119242,3,0.1,4073.695,0.0,0.0,5.2,0.0,XAUUSD,profit_harvester,3LJ7PTUO64LVJ,2026-06-26T19:44:11+00:00,2026-06-26T19:44:11.726000+00:00
729501,1120959,1782503102,1782503102138,1,0,0,1120959,0,0.5,59.0125,0.0,0.0,0.0,0.0,XAGUSD,,3LJ7PVDMKRQGU,2026-06-26T19:45:02+00:00,2026-06-26T19:45:02.138000+00:00
729561,1121270,1782503118,1782503118040,0,1,0,1120959,0,0.5,58.9983,0.0,0.0,35.5,0.0,XAGUSD,,3LJ7PVSGHIO5X,2026-06-26T19:45:18+00:00,2026-06-26T19:45:18.040000+00:00
729606,1121364,1782503131,1782503131799,1,0,0,1121364,0,0.5,58.9732,0.0,0.0,0.0,0.0,XAGUSD,,3LJ7PW7AIXK5N,2026-06-26T19:45:31+00:00,2026-06-26T19:45:31.799000+00:00
729706,1121499,1782503161,1782503161729,0,1,0,1121364,0,0.5,58.9963,0.0,0.0,-57.75,0.0,XAGUSD,,3LJ7PX34IU3ZV,2026-06-26T19:46:01+00:00,2026-06-26T19:46:01.729000+00:00
729804,1121586,1782503182,1782503182586,1,0,0,1121586,0,0.5,58.9507,0.0,0.0,0.0,0.0,XAGUSD,,3LJ7PXOK3U3JI,2026-06-26T19:46:22+00:00,2026-06-26T19:46:22.586000+00:00
729893,1121661,1782503204,1782503204008,0,1,0,1121586,0,0.5,58.9213,0.0,0.0,73.5,0.0,XAGUSD,,3LJ7PYCIJPJZI,2026-06-26T19:46:44+00:00,2026-06-26T19:46:44.008000+00:00
730108,1121936,1782503265,1782503265945,1,0,0,1121936,0,0.5,58.875,0.0,0.0,0.0,0.0,XAGUSD,,3LJ7Q246FLMLO,2026-06-26T19:47:45+00:00,2026-06-26T19:47:45.945000+00:00
730291,1122215,1782503310,1782503310748,0,1,0,1121936,0,0.5,58.8613,0.0,0.0,34.25,0.0,XAGUSD,,3LJ7Q3FVM3CA5,2026-06-26T19:48:30+00:00,2026-06-26T19:48:30.748000+00:00
730449,1122418,1782503352,1782503352233,0,0,10181,1122418,3,0.1,4069.3,0.0,0.0,0.0,0.0,XAUUSD,profit_harvester,3LJ7Q4MJXXE64,2026-06-26T19:49:12+00:00,2026-06-26T19:49:12.233000+00:00
731064,1124316,1782503523,1782503523778,1,0,0,1124316,0,0.5,58.8853,0.0,0.0,0.0,0.0,XAGUSD,,3LJ7QBMCFMEJI,2026-06-26T19:52:03+00:00,2026-06-26T19:52:03.778000+00:00
731177,1124648,1782503562,1782503562951,1,1,10181,1122418,3,0.1,4069.825,0.0,0.0,5.25,0.0,XAUUSD,profit_harvester,3LJ7QCQRUILQX,2026-06-26T19:52:42+00:00,2026-06-26T19:52:42.951000+00:00
732085,1129469,1782503863,1782503863550,0,0,10181,1129469,3,0.1,4068.31,0.0,0.0,0.0,0.0,XAUUSD,profit_harvester,3LJ7QLIQG2NFV,2026-06-26T19:57:43+00:00,2026-06-26T19:57:43.550000+00:00
732188,1129615,1782503885,1782503885877,1,1,10181,1129469,3,0.1,4068.735,0.0,0.0,4.25,0.0,XAUUSD,profit_harvester,3LJ7QM5JRVZJP,2026-06-26T19:58:05+00:00,2026-06-26T19:58:05.877000+00:00
733236,1133491,1782504186,1782504186410,0,0,10181,1133491,3,0.1,4066.515,0.0,0.0,0.0,0.0,XAUUSD,profit_harvester,3LJ7QUVGF4ALX,2026-06-26T20:03:06+00:00,2026-06-26T20:03:06.410000+00:00
733264,1133684,1782504196,1782504196584,0,1,0,1124316,0,0.5,58.8753,0.0,0.0,25.0,0.0,XAGUSD,,3LJ7QV6VM27TW,2026-06-26T20:03:16+00:00,2026-06-26T20:03:16.584000+00:00
733831,1137330,1782504360,1782504360668,0,0,0,1137330,0,0.5,58.8855,0.0,0.0,0.0,0.0,XAGUSD,,3LJ7QZXPNSDTS,2026-06-26T20:06:00+00:00,2026-06-26T20:06:00.668000+00:00
733994,1137650,1782504414,1782504414278,1,1,0,1133491,0,0.1,4066.295,0.0,0.0,-2.2,0.0,XAUUSD,,3LJ7R3JNEQQHQ,2026-06-26T20:06:54+00:00,2026-06-26T20:06:54.278000+00:00
733997,1137653,1782504414,1782504414796,0,0,10181,1137653,3,0.1,4066.525,0.0,0.0,0.0,0.0,XAUUSD,profit_harvester,3LJ7R3K4SHHKB,2026-06-26T20:06:54+00:00,2026-06-26T20:06:54.796000+00:00
734306,1138330,1782504486,1782504486892,1,1,0,1137653,0,0.1,4065.535,0.0,0.0,-9.9,0.0,XAUUSD,,3LJ7R5NBH7B32,2026-06-26T20:08:06+00:00,2026-06-26T20:08:06.892000+00:00
734311,1138336,1782504487,1782504487636,0,0,10181,1138336,3,0.1,4065.685,0.0,0.0,0.0,0.0,XAUUSD,profit_harvester,3LJ7R5NXMDHTN,2026-06-26T20:08:07+00:00,2026-06-26T20:08:07.636000+00:00
734323,1138347,1782504491,1782504491376,1,1,0,1137330,0,0.5,58.8983,0.0,0.0,32.0,0.0,XAGUSD,,3LJ7R5RH2XOQH,2026-06-26T20:08:11+00:00,2026-06-26T20:08:11.376000+00:00
734364,1138470,1782504499,1782504499333,1,1,10181,1138336,3,0.1,4066.34,0.0,0.0,6.55,0.0,XAUUSD,profit_harvester,3LJ7R5YU54MKG,2026-06-26T20:08:19+00:00,2026-06-26T20:08:19.333000+00:00
734385,1138511,1782504502,1782504502924,0,1,0,1117950,0,0.5,161.719,0.0,0.0,3.4,0.0,USDJPY,,3LJ7R6477FQBO,2026-06-26T20:08:22+00:00,2026-06-26T20:08:22.924000+00:00
734562,1138803,1782504546,1782504546509,0,0,0,1138803,0,1.0,58.9523,0.0,0.0,0.0,0.0,XAGUSD,,3LJ7R7ES6KEWR,2026-06-26T20:09:06+00:00,2026-06-26T20:09:06.509000+00:00
735230,1139953,1782504683,1782504683312,1,1,0,1138803,0,1.0,58.9579,0.0,0.0,28.0,0.0,XAGUSD,,3LJ7RDE77GD7M,2026-06-26T20:11:23+00:00,2026-06-26T20:11:23.312000+00:00
735300,1140012,1782504705,1782504705395,0,0,0,1140012,0,1.0,58.9783,0.0,0.0,0.0,0.0,XAGUSD,,3LJ7RDYRDJ3MD,2026-06-26T20:11:45+00:00,2026-06-26T20:11:45.395000+00:00
735504,1140220,1782504764,1782504764830,1,1,0,1140012,0,1.0,58.9785,0.0,0.0,1.0,0.0,XAGUSD,,3LJ7RFQ4MV7TL,2026-06-26T20:12:44+00:00,2026-06-26T20:12:44.830000+00:00
735601,1140326,1782504792,1782504792278,0,0,0,1140326,0,1.0,4067.894,0.0,0.0,0.0,0.0,XAUUSD,,3LJ7RGJONZDPW,2026-06-26T20:13:12+00:00,2026-06-26T20:13:12.278000+00:00
735628,1140466,1782504799,1782504799721,1,1,0,1140326,0,1.0,4068.785,0.0,0.0,89.1,0.0,XAUUSD,,3LJ7RGQMHIYXF,2026-06-26T20:13:19+00:00,2026-06-26T20:13:19.721000+00:00
736356,1142804,1782504967,1782504967324,1,0,0,1142804,0,1.0,58.9939,0.0,0.0,0.0,0.0,XAGUSD,,3LJ7RLMPFUJPO,2026-06-26T20:16:07+00:00,2026-06-26T20:16:07.324000+00:00
736414,1142871,1782504981,1782504981369,0,1,0,1142804,0,1.0,58.9864,0.0,0.0,37.5,0.0,XAGUSD,,3LJ7RLZRZDE76,2026-06-26T20:16:21+00:00,2026-06-26T20:16:21.369000+00:00
736559,1143286,1782505005,1782505005955,1,0,0,1143286,0,1.0,58.98,0.0,0.0,0.0,0.0,XAGUSD,,3LJ7RMQOQ7JDW,2026-06-26T20:16:45+00:00,2026-06-26T20:16:45.955000+00:00
736738,1143964,1782505036,1782505036079,0,1,0,1143286,0,1.0,58.9783,0.0,0.0,8.5,0.0,XAGUSD,,3LJ7RNMQIEHG5,2026-06-26T20:17:16+00:00,2026-06-26T20:17:16.079000+00:00
736888,1144384,1782505061,1782505061255,1,0,0,1144384,0,1.0,58.9452,0.0,0.0,0.0,0.0,XAGUSD,,3LJ7ROE6SAMSF,2026-06-26T20:17:41+00:00,2026-06-26T20:17:41.255000+00:00
736917,1144487,1782505069,1782505069763,0,1,0,1144384,0,1.0,58.9366,0.0,0.0,43.0,0.0,XAGUSD,,3LJ7ROM4D5NUV,2026-06-26T20:17:49+00:00,2026-06-26T20:17:49.763000+00:00
737129,1145118,1782505110,1782505110480,0,0,0,1145118,0,1.0,58.9863,0.0,0.0,0.0,0.0,XAGUSD,,3LJ7RPRZSRY3F,2026-06-26T20:18:30+00:00,2026-06-26T20:18:30.480000+00:00
737417,1145807,1782505156,1782505156931,1,1,0,1145118,0,1.0,58.9887,0.0,0.0,12.0,0.0,XAGUSD,,3LJ7RR5C5F3VK,2026-06-26T20:19:16+00:00,2026-06-26T20:19:16.931000+00:00
737589,1146214,1782505190,1782505190351,1,0,0,1146214,0,1.0,58.96,0.0,0.0,0.0,0.0,XAGUSD,,3LJ7RS4G5AFGP,2026-06-26T20:19:50+00:00,2026-06-26T20:19:50.351000+00:00
737720,1146579,1782505208,1782505208335,0,1,0,1146214,0,1.0,58.9383,0.0,0.0,108.5,0.0,XAGUSD,,3LJ7RSN64TFCV,2026-06-26T20:20:08+00:00,2026-06-26T20:20:08.335000+00:00
737785,1146760,1782505227,1782505227644,1,0,0,1146760,0,1.0,58.9149,0.0,0.0,0.0,0.0,XAGUSD,,3LJ7RT75KZF4V,2026-06-26T20:20:27+00:00,2026-06-26T20:20:27.644000+00:00
738281,1149723,1782505333,1782505333899,0,1,0,1146760,0,1.0,58.9143,0.0,0.0,3.0,0.0,XAGUSD,,3LJ7RWC47VG5X,2026-06-26T20:22:13+00:00,2026-06-26T20:22:13.899000+00:00
738344,1150213,1782505351,1782505351501,1,0,0,1150213,0,1.0,4066.295,0.0,0.0,0.0,0.0,XAUUSD,,3LJ7RWSIRXXBS,2026-06-26T20:22:31+00:00,2026-06-26T20:22:31.501000+00:00
738367,1150452,1782505357,1782505357230,0,0,10181,1150452,3,0.5,1.31973,0.0,0.0,0.0,0.0,GBPUSD,profit_harvester,3LJ7RWXTJRQCE,2026-06-26T20:22:37+00:00,2026-06-26T20:22:37.230000+00:00
738405,1150705,1782505364,1782505364175,0,1,0,1116704,0,0.5,1.41905,0.0,0.0,-16.21,0.0,USDCAD,,3LJ7RX6CHYNZR,2026-06-26T20:22:44+00:00,2026-06-26T20:22:44.175000+00:00
738424,1150830,1782505368,1782505368541,0,1,0,1150213,0,1.0,4065.545,0.0,0.0,75.0,0.0,XAUUSD,,3LJ7RXCEMGQEW,2026-06-26T20:22:48+00:00,2026-06-26T20:22:48.541000+00:00
738426,1150839,1782505368,1782505368806,0,0,10181,1150839,3,0.1,4065.505,0.0,0.0,0.0,0.0,XAUUSD,profit_harvester,3LJ7RXCMJBU34,2026-06-26T20:22:48+00:00,2026-06-26T20:22:48.806000+00:00
738465,1150872,1782505384,1782505384435,1,0,0,1150872,0,1.0,58.8639,0.0,0.0,0.0,0.0,XAGUSD,,3LJ7RXR6C5NHD,2026-06-26T20:23:04+00:00,2026-06-26T20:23:04.435000+00:00
738635,1151069,1782505411,1782505411858,1,1,0,1150839,0,0.1,4064.725,0.0,0.0,-7.8,0.0,XAUUSD,,3LJ7RYKPLO577,2026-06-26T20:23:31+00:00,2026-06-26T20:23:31.858000+00:00
738636,1151070,1782505412,1782505412092,0,0,10181,1151070,3,0.1,4064.805,0.0,0.0,0.0,0.0,XAUUSD,profit_harvester,3LJ7RYKWKQJ4J,2026-06-26T20:23:32+00:00,2026-06-26T20:23:32.092000+00:00
738680,1151118,1782505419,1782505419067,0,1,0,1150872,0,1.0,58.8763,0.0,0.0,-62.0,0.0,XAGUSD,,3LJ7RYRGFW3W2,2026-06-26T20:23:39+00:00,2026-06-26T20:23:39.067000+00:00
738742,1151180,1782505441,1782505441466,1,1,10181,1151070,3,0.1,4065.395,0.0,0.0,5.9,0.0,XAUUSD,profit_harvester,3LJ7RZGBXQ63S,2026-06-26T20:24:01+00:00,2026-06-26T20:24:01.466000+00:00
738908,1151697,1782505493,1782505493619,0,0,0,1151697,0,1.0,58.8823,0.0,0.0,0.0,0.0,XAGUSD,,3LJ7S2WUAW5VW,2026-06-26T20:24:53+00:00,2026-06-26T20:24:53.619000+00:00
738977,1151767,1782505510,1782505510745,1,1,0,1151697,0,1.0,58.8862,0.0,0.0,19.5,0.0,XAGUSD,,3LJ7S3GSMU5BY,2026-06-26T20:25:10+00:00,2026-06-26T20:25:10.745000+00:00
739053,1151876,1782505529,1782505529333,0,0,0,1151876,0,1.0,58.9013,0.0,0.0,0.0,0.0,XAGUSD,,3LJ7S3Y4LTUMN,2026-06-26T20:25:29+00:00,2026-06-26T20:25:29.333000+00:00
739612,1154106,1782505666,1782505666351,1,1,0,1151876,0,1.0,58.906,0.0,0.0,23.5,0.0,XAGUSD,,3LJ7S7XQ2AYSA,2026-06-26T20:27:46+00:00,2026-06-26T20:27:46.351000+00:00
739702,1154770,1782505691,1782505691991,1,0,0,1154770,0,1.0,58.898,0.0,0.0,0.0,0.0,XAGUSD,,3LJ7SAPM6GCWI,2026-06-26T20:28:11+00:00,2026-06-26T20:28:11.991000+00:00
739766,1155068,1782505707,1782505707090,0,1,0,1154770,0,1.0,58.8893,0.0,0.0,43.5,0.0,XAGUSD,,3LJ7SB5O6446W,2026-06-26T20:28:27+00:00,2026-06-26T20:28:27.090000+00:00
740030,1156030,1782505747,1782505747874,1,0,0,1156030,0,1.0,58.8709,0.0,0.0,0.0,0.0,XAGUSD,,3LJ7SCDNMO4XB,2026-06-26T20:29:07+00:00,2026-06-26T20:29:07.874000+00:00
741806,1160823,1782506051,1782506051967,1,1,10181,1150452,3,0.5,1.31988,0.0,0.0,7.5,0.0,GBPUSD,profit_harvester,3LJ7SL6UCRAYP,2026-06-26T20:34:11+00:00,2026-06-26T20:34:11.967000+00:00
744158,1167083,1782506461,1782506461633,1,0,0,1167083,0,1.0,4068.395,0.0,0.0,0.0,0.0,XAUUSD,,3LJ7SX4FCG47Y,2026-06-26T20:41:01+00:00,2026-06-26T20:41:01.633000+00:00
744467,1167921,1782506522,1782506522441,0,0,10181,1167921,3,0.5,1.31958,0.0,0.0,0.0,0.0,GBPUSD,profit_harvester,3LJ7SYUZJCMKA,2026-06-26T20:42:02+00:00,2026-06-26T20:42:02.441000+00:00
744922,1169381,1782506609,1782506609388,1,1,10181,1167921,3,0.5,1.31968,0.0,0.0,5.0,0.0,GBPUSD,profit_harvester,3LJ7T3FYR3VJL,2026-06-26T20:43:29+00:00,2026-06-26T20:43:29.388000+00:00
745580,1171075,1782506732,1782506732106,0,1,0,1167083,0,1.0,4068.285,0.0,0.0,11.0,0.0,XAUUSD,,3LJ7T6YBZVEBC,2026-06-26T20:45:32+00:00,2026-06-26T20:45:32.106000+00:00
746204,1173238,1782506843,1782506843139,1,0,0,1156030,0,1.0,59.017,0.0,0.0,0.0,0.0,XAGUSD,,3LJ7TC7P2YO5K,2026-06-26T20:47:23+00:00,2026-06-26T20:47:23.139000+00:00
746244,1173461,1782506851,1782506851760,1,0,0,1173461,0,1.0,4068.51,0.0,0.0,0.0,0.0,XAUUSD,,3LJ7TCHPYPI6B,2026-06-26T20:47:31+00:00,2026-06-26T20:47:31.760000+00:00
748863,1187215,1782507377,1782507377003,0,1,0,1173461,0,1.0,4074.275,0.0,0.0,-576.5,0.0,XAUUSD,,3LJ7TRQVHWXTL,2026-06-26T20:56:17+00:00,2026-06-26T20:56:17.003000+00:00
749007,1188133,1782507420,1782507420453,0,0,0,1188133,0,1.0,4074.589,0.0,0.0,0.0,0.0,XAUUSD,,3LJ7TSZEEH3EO,2026-06-26T20:57:00+00:00,2026-06-26T20:57:00.453000+00:00
749337,1190468,1782507511,1782507511815,0,0,0,1190468,0,1.0,161.76,0.0,0.0,0.0,0.0,USDJPY,,3LJ7TVOH637WV,2026-06-26T20:58:31+00:00,2026-06-26T20:58:31.815000+00:00
749890,1192836,1782507608,1782507608961,0,1,0,1156030,0,1.0,58.9333,0.0,0.0,53.25,0.0,XAGUSD,,3LJ7TYIWE7Z7J,2026-06-26T21:00:08+00:00,2026-06-26T21:00:08.961000+00:00
749891,1192836,1782507608,1782507608965,0,1,0,1156030,0,1.0,58.9337,0.0,0.0,51.25,0.0,XAGUSD,,3LJ7TYIWEA7NB,2026-06-26T21:00:08+00:00,2026-06-26T21:00:08.965000+00:00
750327,1193508,1782507667,1782507667920,1,1,0,1188133,0,1.0,4071.345,0.0,0.0,-324.4,0.0,XAUUSD,,3LJ7U27THSHX6,2026-06-26T21:01:07+00:00,2026-06-26T21:01:07.920000+00:00
750382,1193603,1782507681,1782507681540,1,1,0,1190468,0,1.0,161.763,0.0,0.0,1.85,0.0,USDJPY,,3LJ7U2MJDLJYN,2026-06-26T21:01:21+00:00,2026-06-26T21:01:21.540000+00:00
750402,1193638,1782507689,1782507689244,1,0,0,1193638,0,1.0,58.9001,0.0,0.0,0.0,0.0,XAGUSD,,3LJ7U2TOXOZB7,2026-06-26T21:01:29+00:00,2026-06-26T21:01:29.244000+00:00
750665,1193906,1782507744,1782507744092,0,1,0,1193638,0,1.0,58.897,0.0,0.0,15.5,0.0,XAGUSD,,3LJ7U4GRLCZ5B,2026-06-26T21:02:24+00:00,2026-06-26T21:02:24.092000+00:00
750727,1194035,1782507759,1782507759308,1,0,0,1194035,0,1.0,58.8713,0.0,0.0,0.0,0.0,XAGUSD,,3LJ7U4UWZRXQT,2026-06-26T21:02:39+00:00,2026-06-26T21:02:39.308000+00:00
750866,1194348,1782507797,1782507797069,0,1,0,1194035,0,1.0,58.8553,0.0,0.0,80.0,0.0,XAGUSD,,3LJ7U5Y4GIXQZ,2026-06-26T21:03:17+00:00,2026-06-26T21:03:17.069000+00:00
750911,1194415,1782507808,1782507808047,1,0,0,1194415,0,1.0,58.8303,0.0,0.0,0.0,0.0,XAGUSD,,3LJ7U6CDLCJVT,2026-06-26T21:03:28+00:00,2026-06-26T21:03:28.047000+00:00
751796,1195583,1782508001,1782508001010,1,0,0,1195583,0,1.0,0.68959,0.0,0.0,0.0,0.0,AUDUSD,,3LJ7UDW2CINMV,2026-06-26T21:06:41+00:00,2026-06-26T21:06:41.010000+00:00
751822,1195615,1782508005,1782508005773,0,1,0,1194415,0,1.0,58.8255,0.0,0.0,24.0,0.0,XAGUSD,,3LJ7UE2IC2EPH,2026-06-26T21:06:45+00:00,2026-06-26T21:06:45.773000+00:00
751888,1195707,1782508025,1782508025156,1,0,0,1195707,0,1.0,58.7633,0.0,0.0,0.0,0.0,XAGUSD,,3LJ7UEMJWEFSS,2026-06-26T21:07:05+00:00,2026-06-26T21:07:05.156000+00:00
751900,1195718,1782508040,1782508040166,0,1,0,1195707,0,1.0,58.7633,0.0,0.0,0.0,0.0,XAGUSD,,3LJ7UF2JBJWWM,2026-06-26T21:07:20+00:00,2026-06-26T21:07:20.166000+00:00
752016,1195934,1782508069,1782508069868,1,0,0,1195934,0,1.0,4068.185,0.0,0.0,0.0,0.0,XAUUSD,,3LJ7UFW6GYTKH,2026-06-26T21:07:49+00:00,2026-06-26T21:07:49.868000+00:00
752041,1196031,1782508080,1782508080417,0,1,0,1195934,0,1.0,4068.125,0.0,0.0,6.0,0.0,XAUUSD,,3LJ7UG7YTDLOU,2026-06-26T21:08:00+00:00,2026-06-26T21:08:00.417000+00:00
752134,1196133,1782508107,1782508107318,0,0,0,1196133,0,1.0,4068.97,0.0,0.0,0.0,0.0,XAUUSD,,3LJ7UGZ2KGNXK,2026-06-26T21:08:27+00:00,2026-06-26T21:08:27.318000+00:00
