ticket,time_setup,time_setup_msc,time_done,time_done_msc,time_expiration,type,type_time,type_filling,state,magic,position_id,position_by_id,reason,volume_initial,volume_current,price_open,sl,tp,price_current,price_stoplimit,symbol,comment,external_id,time_setup_iso,time_done_iso,time_setup_msc_iso,time_done_msc_iso
46678,1782154438,1782154438896,1782154438,1782154438909,0,0,0,0,4,0,46678,0,0,0.01,0.0,0.0,0.0,0.0,0.70031,0.0,AUDUSD,,3LIVSRVOGNV6R,2026-06-22T18:53:58+00:00,2026-06-22T18:53:58+00:00,2026-06-22T18:53:58.896000+00:00,2026-06-22T18:53:58.909000+00:00
226826,1782330924,1782330924380,1782330924,1782330924392,0,1,0,1,4,0,46678,0,0,0.01,0.0,0.0,0.0,0.0,0.6887,0.0,AUDUSD,,3LJ2TCCLQ75E5,2026-06-24T19:55:24+00:00,2026-06-24T19:55:24+00:00,2026-06-24T19:55:24.380000+00:00,2026-06-24T19:55:24.392000+00:00
642742,1782430240,1782430240714,1782430240,1782430240725,0,0,0,1,4,10181,642742,0,3,0.08,0.0,0.0,0.0,0.0,1.3192,0.0,GBPUSD,strategy_v0_reba,3LJ5NMS52SPXU,2026-06-25T23:30:40+00:00,2026-06-25T23:30:40+00:00,2026-06-25T23:30:40.714000+00:00,2026-06-25T23:30:40.725000+00:00
642744,1782430240,1782430240738,1782430240,1782430240755,0,0,0,1,4,10181,642744,0,3,0.14,0.0,0.0,0.0,0.0,0.69081,0.0,AUDUSD,strategy_v0_reba,3LJ5NMS5S3JBO,2026-06-25T23:30:40+00:00,2026-06-25T23:30:40+00:00,2026-06-25T23:30:40.738000+00:00,2026-06-25T23:30:40.755000+00:00
653980,1782432565,1782432565396,1782432565,1782432565408,0,0,0,1,4,0,653980,0,0,0.01,0.0,0.0,0.0,0.0,161.792,0.0,USDJPY,,3LJ5PQH62BBSL,2026-06-26T00:09:25+00:00,2026-06-26T00:09:25+00:00,2026-06-26T00:09:25.396000+00:00,2026-06-26T00:09:25.408000+00:00
654450,1782432768,1782432768276,1782432768,1782432768290,0,0,0,0,4,0,653980,0,0,0.1,0.0,0.0,0.0,0.0,161.793,0.0,USDJPY,,3LJ5PWE4DUJAF,2026-06-26T00:12:48+00:00,2026-06-26T00:12:48+00:00,2026-06-26T00:12:48.276000+00:00,2026-06-26T00:12:48.290000+00:00
654652,1782432849,1782432849192,1782432849,1782432849218,0,0,0,0,4,0,653980,0,0,0.2,0.0,0.0,0.0,0.0,161.792,0.0,USDJPY,,3LJ5PYPHTXPLJ,2026-06-26T00:14:09+00:00,2026-06-26T00:14:09+00:00,2026-06-26T00:14:09.192000+00:00,2026-06-26T00:14:09.218000+00:00
654812,1782432899,1782432899587,1782432899,1782432899601,0,0,0,0,4,0,653980,0,0,1.0,0.0,0.0,0.0,0.0,161.804,0.0,USDJPY,,3LJ5Q26FQ2CQR,2026-06-26T00:14:59+00:00,2026-06-26T00:14:59+00:00,2026-06-26T00:14:59.587000+00:00,2026-06-26T00:14:59.601000+00:00
655198,1782432955,1782432955257,1782432955,1782432955273,0,0,0,0,4,0,653980,0,0,1.0,0.0,0.0,0.0,0.0,161.809,0.0,USDJPY,,3LJ5Q3SAU7VYP,2026-06-26T00:15:55+00:00,2026-06-26T00:15:55+00:00,2026-06-26T00:15:55.257000+00:00,2026-06-26T00:15:55.273000+00:00
655970,1782433088,1782433088045,1782433088,1782433088062,0,1,0,0,4,0,653980,0,0,1.0,0.0,0.0,0.0,0.0,161.81,0.0,USDJPY,,3LJ5Q7NWAXS24,2026-06-26T00:18:08+00:00,2026-06-26T00:18:08+00:00,2026-06-26T00:18:08.045000+00:00,2026-06-26T00:18:08.062000+00:00
656025,1782433101,1782433101084,1782433101,1782433101106,0,0,0,0,4,0,653980,0,0,1.31,0.0,0.0,0.0,0.0,161.818,0.0,USDJPY,,3LJ5QA22U4WXC,2026-06-26T00:18:21+00:00,2026-06-26T00:18:21+00:00,2026-06-26T00:18:21.084000+00:00,2026-06-26T00:18:21.106000+00:00
656757,1782433276,1782433276970,1782433276,1782433276990,0,1,0,0,4,0,653980,0,0,1.31,0.0,0.0,0.0,0.0,161.812,0.0,USDJPY,,3LJ5QF5ULKJQ4,2026-06-26T00:21:16+00:00,2026-06-26T00:21:16+00:00,2026-06-26T00:21:16.970000+00:00,2026-06-26T00:21:16.990000+00:00
656988,1782433328,1782433328048,1782433328,1782433328061,0,1,0,0,4,0,642742,0,0,0.08,0.0,0.0,0.0,0.0,1.31884,0.0,GBPUSD,,3LJ5QGNGSUNVR,2026-06-26T00:22:08+00:00,2026-06-26T00:22:08+00:00,2026-06-26T00:22:08.048000+00:00,2026-06-26T00:22:08.061000+00:00
657065,1782433350,1782433350837,1782433350,1782433350857,0,1,0,0,4,0,653980,0,0,1.31,0.0,0.0,0.0,0.0,161.814,0.0,USDJPY,,3LJ5QHCNZ23WP,2026-06-26T00:22:30+00:00,2026-06-26T00:22:30+00:00,2026-06-26T00:22:30.837000+00:00,2026-06-26T00:22:30.857000+00:00
657148,1782433382,1782433382265,1782433382,1782433382279,0,1,0,0,4,0,642744,0,0,0.14,0.0,0.0,0.0,0.0,0.69074,0.0,AUDUSD,,3LJ5QI7WN6ZW7,2026-06-26T00:23:02+00:00,2026-06-26T00:23:02+00:00,2026-06-26T00:23:02.265000+00:00,2026-06-26T00:23:02.279000+00:00
657215,1782433392,1782433392421,1782433392,1782433392441,0,0,0,0,4,0,657215,0,0,1.31,0.0,0.0,0.0,0.0,161.811,0.0,USDJPY,,3LJ5QIJFDL5I4,2026-06-26T00:23:12+00:00,2026-06-26T00:23:12+00:00,2026-06-26T00:23:12.421000+00:00,2026-06-26T00:23:12.441000+00:00
657771,1782433495,1782433495752,1782433495,1782433495773,0,1,0,0,4,0,657215,0,0,1.31,0.0,0.0,0.0,0.0,161.814,0.0,USDJPY,,3LJ5QLJMSPASN,2026-06-26T00:24:55+00:00,2026-06-26T00:24:55+00:00,2026-06-26T00:24:55.752000+00:00,2026-06-26T00:24:55.773000+00:00
658750,1782433622,1782433622661,1782433622,1782433622682,0,0,0,0,4,0,658750,0,0,5.0,0.0,0.0,0.0,0.0,161.808,0.0,USDJPY,,3LJ5QP7SZPU76,2026-06-26T00:27:02+00:00,2026-06-26T00:27:02+00:00,2026-06-26T00:27:02.661000+00:00,2026-06-26T00:27:02.682000+00:00
661133,1782434108,1782434108716,1782434108,1782434108737,0,1,0,0,4,0,658750,0,0,5.0,0.0,0.0,0.0,0.0,161.813,0.0,USDJPY,,3LJ5R5EIL3TXJ,2026-06-26T00:35:08+00:00,2026-06-26T00:35:08+00:00,2026-06-26T00:35:08.716000+00:00,2026-06-26T00:35:08.737000+00:00
662562,1782434353,1782434353233,1782434353,1782434353247,0,0,0,0,4,0,662562,0,0,1.0,0.0,0.0,0.0,0.0,1.42023,0.0,USDCAD,,3LJ5REI7PPVWP,2026-06-26T00:39:13+00:00,2026-06-26T00:39:13+00:00,2026-06-26T00:39:13.233000+00:00,2026-06-26T00:39:13.247000+00:00
663707,1782434599,1782434599850,1782434599,1782434599866,0,1,0,0,4,0,662562,0,0,1.0,0.0,0.0,0.0,0.0,1.42025,0.0,USDCAD,,3LJ5RLNVJKIKT,2026-06-26T00:43:19+00:00,2026-06-26T00:43:19+00:00,2026-06-26T00:43:19.850000+00:00,2026-06-26T00:43:19.866000+00:00
663907,1782434670,1782434670156,1782434670,1782434670174,0,1,0,0,4,0,663907,0,0,1.0,0.0,0.0,0.0,0.0,1.4202,0.0,USDCAD,,3LJ5RNPESK5XL,2026-06-26T00:44:30+00:00,2026-06-26T00:44:30+00:00,2026-06-26T00:44:30.156000+00:00,2026-06-26T00:44:30.174000+00:00
664268,1782434743,1782434743661,1782434743,1782434743676,0,0,0,1,4,10181,664268,0,3,0.08,0.0,0.0,0.0,0.0,1.31874,0.0,GBPUSD,strategy_v0_reba,3LJ5RPTTH7NU4,2026-06-26T00:45:43+00:00,2026-06-26T00:45:43+00:00,2026-06-26T00:45:43.661000+00:00,2026-06-26T00:45:43.676000+00:00
664269,1782434743,1782434743703,1782434743,1782434743751,0,0,0,1,4,10181,664269,0,3,0.14,0.0,0.0,0.0,0.0,0.69032,0.0,AUDUSD,strategy_v0_reba,3LJ5RPTUOUOH7,2026-06-26T00:45:43+00:00,2026-06-26T00:45:43+00:00,2026-06-26T00:45:43.703000+00:00,2026-06-26T00:45:43.751000+00:00
664400,1782434777,1782434777670,1782434777,1782434777686,0,0,0,0,4,0,663907,0,0,1.0,0.0,0.0,0.0,0.0,1.42021,0.0,USDCAD,,3LJ5RQTIYE4M4,2026-06-26T00:46:17+00:00,2026-06-26T00:46:17+00:00,2026-06-26T00:46:17.670000+00:00,2026-06-26T00:46:17.686000+00:00
664748,1782434847,1782434847234,1782434847,1782434847251,0,0,0,0,4,0,664268,0,0,0.5,0.0,0.0,0.0,0.0,1.3188,0.0,GBPUSD,,3LJ5RSUC5VR3V,2026-06-26T00:47:27+00:00,2026-06-26T00:47:27+00:00,2026-06-26T00:47:27.234000+00:00,2026-06-26T00:47:27.251000+00:00
665380,1782435014,1782435014104,1782435014,1782435014120,0,1,0,0,4,0,664269,0,0,0.58,0.0,0.0,0.0,0.0,0.69021,0.0,AUDUSD,,3LJ5RXPPAIZMY,2026-06-26T00:50:14+00:00,2026-06-26T00:50:14+00:00,2026-06-26T00:50:14.104000+00:00,2026-06-26T00:50:14.120000+00:00
665946,1782435207,1782435207740,1782435207,1782435207754,0,1,0,0,4,0,664268,0,0,0.58,0.0,0.0,0.0,0.0,1.31884,0.0,GBPUSD,,3LJ5S5E22ASDG,2026-06-26T00:53:27+00:00,2026-06-26T00:53:27+00:00,2026-06-26T00:53:27.740000+00:00,2026-06-26T00:53:27.754000+00:00
666702,1782435347,1782435347433,1782435347,1782435347448,0,0,0,0,4,0,664269,0,0,0.44,0.0,0.0,0.0,0.0,0.69018,0.0,AUDUSD,,3LJ5SBG5A3GJ2,2026-06-26T00:55:47+00:00,2026-06-26T00:55:47+00:00,2026-06-26T00:55:47.433000+00:00,2026-06-26T00:55:47.448000+00:00
668215,1782435644,1782435644412,1782435644,1782435644425,0,0,0,1,4,10181,668215,0,3,0.08,0.0,0.0,0.0,0.0,1.31882,0.0,GBPUSD,strategy_v0_reba,3LJ5SK2PTCWVL,2026-06-26T01:00:44+00:00,2026-06-26T01:00:44+00:00,2026-06-26T01:00:44.412000+00:00,2026-06-26T01:00:44.425000+00:00
668216,1782435644,1782435644444,1782435644,1782435644463,0,0,0,1,4,10181,668216,0,3,0.14,0.0,0.0,0.0,0.0,0.69006,0.0,AUDUSD,strategy_v0_reba,3LJ5SK2QRROAY,2026-06-26T01:00:44+00:00,2026-06-26T01:00:44+00:00,2026-06-26T01:00:44.444000+00:00,2026-06-26T01:00:44.463000+00:00
669095,1782435844,1782435844171,1782435844,1782435844184,0,1,0,0,4,0,668216,0,0,0.14,0.0,0.0,0.0,0.0,0.69006,0.0,AUDUSD,,3LJ5SPUR57A6D,2026-06-26T01:04:04+00:00,2026-06-26T01:04:04+00:00,2026-06-26T01:04:04.171000+00:00,2026-06-26T01:04:04.184000+00:00
669197,1782435884,1782435884191,1782435884,1782435884205,0,1,0,0,4,0,668215,0,0,0.08,0.0,0.0,0.0,0.0,1.31894,0.0,GBPUSD,,3LJ5SQZZTO5CP,2026-06-26T01:04:44+00:00,2026-06-26T01:04:44+00:00,2026-06-26T01:04:44.191000+00:00,2026-06-26T01:04:44.205000+00:00
672698,1782436541,1782436541209,1782436541,1782436541223,0,0,0,1,4,10181,672698,0,3,0.08,0.0,0.0,0.0,0.0,1.31918,0.0,GBPUSD,strategy_v0_reba,3LJ5TE5WJN7KN,2026-06-26T01:15:41+00:00,2026-06-26T01:15:41+00:00,2026-06-26T01:15:41.209000+00:00,2026-06-26T01:15:41.223000+00:00
676696,1782437229,1782437229769,1782437229,1782437229795,0,1,0,0,4,0,672698,0,0,0.08,0.0,0.0,0.0,0.0,1.3191899999999999,0.0,GBPUSD,,3LJ5TY777BPGO,2026-06-26T01:27:09+00:00,2026-06-26T01:27:09+00:00,2026-06-26T01:27:09.769000+00:00,2026-06-26T01:27:09.795000+00:00
680556,1782437856,1782437856436,1782437856,1782437856451,0,0,0,1,4,10181,680556,0,3,0.5,0.0,0.0,0.0,0.0,0.81035,0.0,USDCHF,profit_harvester,3LJ5UKGTEC3GS,2026-06-26T01:37:36+00:00,2026-06-26T01:37:36+00:00,2026-06-26T01:37:36.436000+00:00,2026-06-26T01:37:36.451000+00:00
680557,1782437856,1782437856453,1782437856,1782437856480,0,0,0,1,4,10181,680557,0,3,0.1,0.0,0.0,0.0,0.0,4016.625,0.0,XAUUSD,profit_harvester,3LJ5UKGTUACIA,2026-06-26T01:37:36+00:00,2026-06-26T01:37:36+00:00,2026-06-26T01:37:36.453000+00:00,2026-06-26T01:37:36.480000+00:00
680563,1782437856,1782437856555,1782437856,1782437856568,0,1,0,1,4,10181,680563,0,3,0.5,0.0,0.0,0.0,0.0,0.68985,0.0,AUDUSD,profit_harvester,3LJ5UKGWVCZID,2026-06-26T01:37:36+00:00,2026-06-26T01:37:36+00:00,2026-06-26T01:37:36.555000+00:00,2026-06-26T01:37:36.568000+00:00
680564,1782437856,1782437856572,1782437856,1782437856598,0,1,0,1,4,10181,680564,0,3,0.5,0.0,0.0,0.0,0.0,1.13653,0.0,EURUSD,profit_harvester,3LJ5UKGXFFR7B,2026-06-26T01:37:36+00:00,2026-06-26T01:37:36+00:00,2026-06-26T01:37:36.572000+00:00,2026-06-26T01:37:36.598000+00:00
680565,1782437856,1782437856604,1782437856,1782437856627,0,1,0,1,4,10181,680565,0,3,0.5,0.0,0.0,0.0,0.0,1.31917,0.0,GBPUSD,profit_harvester,3LJ5UKGYDVIBP,2026-06-26T01:37:36+00:00,2026-06-26T01:37:36+00:00,2026-06-26T01:37:36.604000+00:00,2026-06-26T01:37:36.627000+00:00
681078,1782437980,1782437980322,1782437980,1782437980332,0,0,0,1,4,10181,681078,0,3,0.5,0.0,0.0,0.0,0.0,161.804,0.0,USDJPY,profit_harvester,3LJ5UO27DNFFR,2026-06-26T01:39:40+00:00,2026-06-26T01:39:40+00:00,2026-06-26T01:39:40.322000+00:00,2026-06-26T01:39:40.332000+00:00
681513,1782438077,1782438077452,1782438077,1782438077466,0,0,0,0,4,0,680565,0,0,0.5,0.0,0.0,0.0,0.0,1.31901,0.0,GBPUSD,,3LJ5UQUO2OTPA,2026-06-26T01:41:17+00:00,2026-06-26T01:41:17+00:00,2026-06-26T01:41:17.452000+00:00,2026-06-26T01:41:17.466000+00:00
681788,1782438125,1782438125323,1782438125,1782438125334,0,1,0,1,4,10181,681788,0,3,0.5,0.0,0.0,0.0,0.0,1.31907,0.0,GBPUSD,profit_harvester,3LJ5USBAQXSZ5,2026-06-26T01:42:05+00:00,2026-06-26T01:42:05+00:00,2026-06-26T01:42:05.323000+00:00,2026-06-26T01:42:05.334000+00:00
681801,1782438126,1782438126357,1782438126,1782438126367,0,0,0,1,4,10181,680564,0,3,0.5,0.0,0.0,0.0,0.0,1.13643,0.0,EURUSD,profit_harvester,3LJ5USC7KNC2C,2026-06-26T01:42:06+00:00,2026-06-26T01:42:06+00:00,2026-06-26T01:42:06.357000+00:00,2026-06-26T01:42:06.367000+00:00
681900,1782438145,1782438145834,1782438145,1782438145846,0,1,0,1,4,10181,680557,0,3,0.1,0.0,0.0,0.0,0.0,4017.255,0.0,XAUUSD,profit_harvester,3LJ5USUDZO7RW,2026-06-26T01:42:25+00:00,2026-06-26T01:42:25+00:00,2026-06-26T01:42:25.834000+00:00,2026-06-26T01:42:25.846000+00:00
682433,1782438282,1782438282080,1782438282,1782438282091,0,0,0,1,4,10181,682433,0,3,0.1,0.0,0.0,0.0,0.0,4019.245,0.0,XAUUSD,profit_harvester,3LJ5UWTAHX2ZY,2026-06-26T01:44:42+00:00,2026-06-26T01:44:42+00:00,2026-06-26T01:44:42.080000+00:00,2026-06-26T01:44:42.091000+00:00
682435,1782438282,1782438282095,1782438282,1782438282121,0,1,0,1,4,10181,682435,0,3,0.5,0.0,0.0,0.0,0.0,1.13647,0.0,EURUSD,profit_harvester,3LJ5UWTAW65S5,2026-06-26T01:44:42+00:00,2026-06-26T01:44:42+00:00,2026-06-26T01:44:42.095000+00:00,2026-06-26T01:44:42.121000+00:00
682797,1782438344,1782438344609,1782438344,1782438344623,0,1,0,1,4,10181,682433,0,3,0.1,0.0,0.0,0.0,0.0,4019.745,0.0,XAUUSD,profit_harvester,3LJ5UYNHZEMF5,2026-06-26T01:45:44+00:00,2026-06-26T01:45:44+00:00,2026-06-26T01:45:44.609000+00:00,2026-06-26T01:45:44.623000+00:00
683442,1782438443,1782438443393,1782438443,1782438443406,0,0,0,1,4,10181,683442,0,3,0.1,0.0,0.0,0.0,0.0,4023.574,0.0,XAUUSD,profit_harvester,3LJ5V3JHZ6K33,2026-06-26T01:47:23+00:00,2026-06-26T01:47:23+00:00,2026-06-26T01:47:23.393000+00:00,2026-06-26T01:47:23.406000+00:00
683561,1782438460,1782438460835,1782438460,1782438460849,0,1,0,1,4,10181,681078,0,3,0.5,0.0,0.0,0.0,0.0,161.822,0.0,USDJPY,profit_harvester,3LJ5V3ZPTCIB5,2026-06-26T01:47:40+00:00,2026-06-26T01:47:40+00:00,2026-06-26T01:47:40.835000+00:00,2026-06-26T01:47:40.849000+00:00
684815,1782438668,1782438668399,1782438668,1782438668412,0,1,0,1,4,10181,683442,0,3,0.1,0.0,0.0,0.0,0.0,4018.58,0.0,XAUUSD,harv_reconcile,3LJ5VC2ZOYKVM,2026-06-26T01:51:08+00:00,2026-06-26T01:51:08+00:00,2026-06-26T01:51:08.399000+00:00,2026-06-26T01:51:08.412000+00:00
684888,1782438693,1782438693725,1782438693,1782438693737,0,1,0,1,4,10181,684888,0,3,0.1,0.0,0.0,0.0,0.0,4020.081,0.0,XAUUSD,profit_harvester,3LJ5VCSMH6C5J,2026-06-26T01:51:33+00:00,2026-06-26T01:51:33+00:00,2026-06-26T01:51:33.725000+00:00,2026-06-26T01:51:33.737000+00:00
685637,1782438810,1782438810199,1782438810,1782438810213,0,0,0,1,4,10181,684888,0,3,0.1,0.0,0.0,0.0,0.0,4019.22,0.0,XAUUSD,profit_harvester,3LJ5VG73O3DNH,2026-06-26T01:53:30+00:00,2026-06-26T01:53:30+00:00,2026-06-26T01:53:30.199000+00:00,2026-06-26T01:53:30.213000+00:00
685822,1782438854,1782438854250,1782438854,1782438854270,0,1,0,0,4,0,680556,0,0,0.5,0.0,0.0,0.0,0.0,0.81045,0.0,USDCHF,,3LJ5VHI4HS6DE,2026-06-26T01:54:14+00:00,2026-06-26T01:54:14+00:00,2026-06-26T01:54:14.250000+00:00,2026-06-26T01:54:14.270000+00:00
685907,1782438868,1782438868202,1782438868,1782438868215,0,0,0,0,4,0,682435,0,0,0.5,0.0,0.0,0.0,0.0,1.13636,0.0,EURUSD,,3LJ5VHV4C4IFG,2026-06-26T01:54:28+00:00,2026-06-26T01:54:28+00:00,2026-06-26T01:54:28.202000+00:00,2026-06-26T01:54:28.215000+00:00
685940,1782438874,1782438874242,1782438874,1782438874253,0,0,0,1,4,10181,685940,0,3,0.5,0.0,0.0,0.0,0.0,161.828,0.0,USDJPY,profit_harvester,3LJ5VI2QC4IFN,2026-06-26T01:54:34+00:00,2026-06-26T01:54:34+00:00,2026-06-26T01:54:34.242000+00:00,2026-06-26T01:54:34.253000+00:00
685942,1782438874,1782438874255,1782438874,1782438874285,0,0,0,1,4,10181,685942,0,3,0.5,0.0,0.0,0.0,0.0,0.81046,0.0,USDCHF,profit_harvester,3LJ5VI2QOLVMW,2026-06-26T01:54:34+00:00,2026-06-26T01:54:34+00:00,2026-06-26T01:54:34.255000+00:00,2026-06-26T01:54:34.285000+00:00
685943,1782438874,1782438874304,1782438874,1782438874322,0,1,0,1,4,10181,685943,0,3,0.5,0.0,0.0,0.0,0.0,1.13634,0.0,EURUSD,profit_harvester,3LJ5VI2S5AUWY,2026-06-26T01:54:34+00:00,2026-06-26T01:54:34+00:00,2026-06-26T01:54:34.304000+00:00,2026-06-26T01:54:34.322000+00:00
686795,1782439111,1782439111186,1782439111,1782439111201,0,1,0,1,4,10181,686795,0,3,0.1,0.0,0.0,0.0,0.0,4021.391,0.0,XAUUSD,profit_harvester,3LJ5VOXFSWZMS,2026-06-26T01:58:31+00:00,2026-06-26T01:58:31+00:00,2026-06-26T01:58:31.186000+00:00,2026-06-26T01:58:31.201000+00:00
687175,1782439199,1782439199995,1782439200,1782439200009,0,0,0,1,4,10181,686795,0,3,0.1,0.0,0.0,0.0,0.0,4020.574,0.0,XAUUSD,profit_harvester,3LJ5VRK4I5S7H,2026-06-26T01:59:59+00:00,2026-06-26T02:00:00+00:00,2026-06-26T01:59:59.995000+00:00,2026-06-26T02:00:00.009000+00:00
688454,1782439483,1782439483512,1782439483,1782439483526,0,0,0,1,4,10181,680563,0,3,0.5,0.0,0.0,0.0,0.0,0.68975,0.0,AUDUSD,profit_harvester,3LJ5VZS5YHMEX,2026-06-26T02:04:43+00:00,2026-06-26T02:04:43+00:00,2026-06-26T02:04:43.512000+00:00,2026-06-26T02:04:43.526000+00:00
689829,1782439837,1782439837862,1782439837,1782439837874,0,1,0,1,4,10181,689829,0,3,0.5,0.0,0.0,0.0,0.0,0.69005,0.0,AUDUSD,profit_harvester,3LJ5WE46GNFSE,2026-06-26T02:10:37+00:00,2026-06-26T02:10:37+00:00,2026-06-26T02:10:37.862000+00:00,2026-06-26T02:10:37.874000+00:00
690158,1782439942,1782439942923,1782439942,1782439942938,0,1,0,1,4,10181,690158,0,3,0.1,0.0,0.0,0.0,0.0,4021.085,0.0,XAUUSD,profit_harvester,3LJ5WH5ZJE3M2,2026-06-26T02:12:22+00:00,2026-06-26T02:12:22+00:00,2026-06-26T02:12:22.923000+00:00,2026-06-26T02:12:22.938000+00:00
690219,1782439969,1782439969174,1782439969,1782439969187,0,0,0,1,4,10181,690158,0,3,0.1,0.0,0.0,0.0,0.0,4020.575,0.0,XAUUSD,profit_harvester,3LJ5WHWHTJCHF,2026-06-26T02:12:49+00:00,2026-06-26T02:12:49+00:00,2026-06-26T02:12:49.174000+00:00,2026-06-26T02:12:49.187000+00:00
690533,1782440045,1782440045483,1782440045,1782440045501,0,0,0,1,4,10181,689829,0,3,0.5,0.0,0.0,0.0,0.0,0.68994,0.0,AUDUSD,profit_harvester,3LJ5WK5K2B5BB,2026-06-26T02:14:05+00:00,2026-06-26T02:14:05+00:00,2026-06-26T02:14:05.483000+00:00,2026-06-26T02:14:05.501000+00:00
691433,1782440269,1782440269245,1782440269,1782440269261,0,1,0,1,4,10181,691433,0,3,0.1,0.0,0.0,0.0,0.0,4025.845,0.0,XAUUSD,profit_harvester,3LJ5WQNWP7F4I,2026-06-26T02:17:49+00:00,2026-06-26T02:17:49+00:00,2026-06-26T02:17:49.245000+00:00,2026-06-26T02:17:49.261000+00:00
691450,1782440279,1782440279730,1782440279,1782440279745,0,0,0,1,4,10181,691433,0,3,0.1,0.0,0.0,0.0,0.0,4025.285,0.0,XAUUSD,profit_harvester,3LJ5WQXP6EWYS,2026-06-26T02:17:59+00:00,2026-06-26T02:17:59+00:00,2026-06-26T02:17:59.730000+00:00,2026-06-26T02:17:59.745000+00:00
695055,1782441241,1782441241278,1782441241,1782441241290,0,0,0,1,4,10181,685943,0,3,0.5,0.0,0.0,0.0,0.0,1.13624,0.0,EURUSD,profit_harvester,3LJ5XMX7IG3RG,2026-06-26T02:34:01+00:00,2026-06-26T02:34:01+00:00,2026-06-26T02:34:01.278000+00:00,2026-06-26T02:34:01.290000+00:00
695470,1782441326,1782441326398,1782441326,1782441326411,0,1,0,1,4,10181,685942,0,3,0.5,0.0,0.0,0.0,0.0,0.81057,0.0,USDCHF,profit_harvester,3LJ5XPGIB5W4V,2026-06-26T02:35:26+00:00,2026-06-26T02:35:26+00:00,2026-06-26T02:35:26.398000+00:00,2026-06-26T02:35:26.411000+00:00
695546,1782441339,1782441339044,1782441339,1782441339058,0,1,0,1,4,10181,685940,0,3,0.5,0.0,0.0,0.0,0.0,161.845,0.0,USDJPY,profit_harvester,3LJ5XPSB5BMOX,2026-06-26T02:35:39+00:00,2026-06-26T02:35:39+00:00,2026-06-26T02:35:39.044000+00:00,2026-06-26T02:35:39.058000+00:00
695682,1782441360,1782441360102,1782441360,1782441360116,0,0,0,1,4,10181,681788,0,3,0.5,0.0,0.0,0.0,0.0,1.31897,0.0,GBPUSD,profit_harvester,3LJ5XQFUPLQB7,2026-06-26T02:36:00+00:00,2026-06-26T02:36:00+00:00,2026-06-26T02:36:00.102000+00:00,2026-06-26T02:36:00.116000+00:00
701418,1782442564,1782442564989,1782442565,1782442565003,0,0,0,1,4,10181,701418,0,3,0.5,0.0,0.0,0.0,0.0,161.809,0.0,USDJPY,profit_harvester,3LJ5YTHZ63TPB,2026-06-26T02:56:04+00:00,2026-06-26T02:56:05+00:00,2026-06-26T02:56:04.989000+00:00,2026-06-26T02:56:05.003000+00:00
858439,1782466373,1782466373997,1782466374,1782466374010,0,0,0,1,4,10181,858439,0,3,0.5,0.0,0.0,0.0,0.0,0.80806,0.0,USDCHF,profit_harvester,3LJ6OIFUU7AHW,2026-06-26T09:32:53+00:00,2026-06-26T09:32:54+00:00,2026-06-26T09:32:53.997000+00:00,2026-06-26T09:32:54.010000+00:00
858440,1782466374,1782466374016,1782466374,1782466374040,0,1,0,1,4,10181,858440,0,3,0.1,0.0,0.0,0.0,0.0,4034.45,0.0,XAUUSD,profit_harvester,3LJ6OIFVFUGMW,2026-06-26T09:32:54+00:00,2026-06-26T09:32:54+00:00,2026-06-26T09:32:54.016000+00:00,2026-06-26T09:32:54.040000+00:00
858441,1782466374,1782466374044,1782466374,1782466374070,0,1,0,1,4,10181,858441,0,3,0.5,0.0,0.0,0.0,0.0,1.13975,0.0,EURUSD,profit_harvester,3LJ6OIFWAXFCT,2026-06-26T09:32:54+00:00,2026-06-26T09:32:54+00:00,2026-06-26T09:32:54.044000+00:00,2026-06-26T09:32:54.070000+00:00
858442,1782466374,1782466374073,1782466374,1782466374100,0,1,0,1,4,10181,858442,0,3,0.5,0.0,0.0,0.0,0.0,1.32087,0.0,GBPUSD,profit_harvester,3LJ6OIFX5GKCZ,2026-06-26T09:32:54+00:00,2026-06-26T09:32:54+00:00,2026-06-26T09:32:54.073000+00:00,2026-06-26T09:32:54.100000+00:00
858486,1782466391,1782466391824,1782466391,1782466391837,0,0,0,1,4,10181,858440,0,3,0.1,0.0,0.0,0.0,0.0,4033.84,0.0,XAUUSD,profit_harvester,3LJ6OIWI5W7ZV,2026-06-26T09:33:11+00:00,2026-06-26T09:33:11+00:00,2026-06-26T09:33:11.824000+00:00,2026-06-26T09:33:11.837000+00:00
858506,1782466393,1782466393957,1782466393,1782466393970,0,0,0,1,4,10181,858441,0,3,0.5,0.0,0.0,0.0,0.0,1.13965,0.0,EURUSD,profit_harvester,3LJ6OIYHPW775,2026-06-26T09:33:13+00:00,2026-06-26T09:33:13+00:00,2026-06-26T09:33:13.957000+00:00,2026-06-26T09:33:13.970000+00:00
858580,1782466425,1782466425475,1782466425,1782466425488,0,1,0,1,4,10181,858439,0,3,0.5,0.0,0.0,0.0,0.0,0.80815,0.0,USDCHF,profit_harvester,3LJ6OJVT25ERI,2026-06-26T09:33:45+00:00,2026-06-26T09:33:45+00:00,2026-06-26T09:33:45.475000+00:00,2026-06-26T09:33:45.488000+00:00
858581,1782466425,1782466425503,1782466425,1782466425520,0,0,0,1,4,10181,858442,0,3,0.5,0.0,0.0,0.0,0.0,1.3207499999999999,0.0,GBPUSD,profit_harvester,3LJ6OJVTUZ32F,2026-06-26T09:33:45+00:00,2026-06-26T09:33:45+00:00,2026-06-26T09:33:45.503000+00:00,2026-06-26T09:33:45.520000+00:00
860869,1782466735,1782466735021,1782466735,1782466735054,0,1,0,1,4,10181,860869,0,3,0.5,0.0,0.0,0.0,0.0,1.32105,0.0,GBPUSD,profit_harvester,3LJ6OSW4B3ZDZ,2026-06-26T09:38:55+00:00,2026-06-26T09:38:55+00:00,2026-06-26T09:38:55.021000+00:00,2026-06-26T09:38:55.054000+00:00
861304,1782466934,1782466934783,1782466934,1782466934797,0,1,0,1,4,10181,861304,0,3,0.1,0.0,0.0,0.0,0.0,4034.405,0.0,XAUUSD,profit_harvester,3LJ6OYQ5LN7TD,2026-06-26T09:42:14+00:00,2026-06-26T09:42:14+00:00,2026-06-26T09:42:14.783000+00:00,2026-06-26T09:42:14.797000+00:00
861398,1782466982,1782466982171,1782466982,1782466982183,0,1,0,1,4,10181,861398,0,3,0.5,0.0,0.0,0.0,0.0,1.13999,0.0,EURUSD,profit_harvester,3LJ6P24BUIFYL,2026-06-26T09:43:02+00:00,2026-06-26T09:43:02+00:00,2026-06-26T09:43:02.171000+00:00,2026-06-26T09:43:02.183000+00:00
861435,1782467005,1782467005961,1782467005,1782467005974,0,0,0,1,4,10181,861304,0,3,0.1,0.0,0.0,0.0,0.0,4033.86,0.0,XAUUSD,profit_harvester,3LJ6P2SGURF7Q,2026-06-26T09:43:25+00:00,2026-06-26T09:43:25+00:00,2026-06-26T09:43:25.961000+00:00,2026-06-26T09:43:25.974000+00:00
872375,1782468056,1782468056656,1782468056,1782468056669,0,0,0,1,4,10181,861398,0,3,0.5,0.0,0.0,0.0,0.0,1.13989,0.0,EURUSD,profit_harvester,3LJ6PZEXZ5ZXZ,2026-06-26T10:00:56+00:00,2026-06-26T10:00:56+00:00,2026-06-26T10:00:56.656000+00:00,2026-06-26T10:00:56.669000+00:00
874859,1782468289,1782468289421,1782468289,1782468289436,0,1,0,1,4,10181,874859,0,3,0.1,0.0,0.0,0.0,0.0,4034.365,0.0,XAUUSD,profit_harvester,3LJ6QA5QYJZOB,2026-06-26T10:04:49+00:00,2026-06-26T10:04:49+00:00,2026-06-26T10:04:49.421000+00:00,2026-06-26T10:04:49.436000+00:00
884602,1782469104,1782469104968,1782469104,1782469104983,0,0,0,1,4,10181,860869,0,3,0.5,0.0,0.0,0.0,0.0,1.32094,0.0,GBPUSD,profit_harvester,3LJ6QXVC6YR2C,2026-06-26T10:18:24+00:00,2026-06-26T10:18:24+00:00,2026-06-26T10:18:24.968000+00:00,2026-06-26T10:18:24.983000+00:00
887113,1782469405,1782469405746,1782469405,1782469405757,0,1,0,1,4,10181,887113,0,3,0.5,0.0,0.0,0.0,0.0,1.32132,0.0,GBPUSD,profit_harvester,3LJ6RANFZBLTB,2026-06-26T10:23:25+00:00,2026-06-26T10:23:25+00:00,2026-06-26T10:23:25.746000+00:00,2026-06-26T10:23:25.757000+00:00
888533,1782469614,1782469614571,1782469614,1782469614584,0,1,0,1,4,10181,888533,0,3,0.5,0.0,0.0,0.0,0.0,1.14019,0.0,EURUSD,profit_harvester,3LJ6RGPVJTUJH,2026-06-26T10:26:54+00:00,2026-06-26T10:26:54+00:00,2026-06-26T10:26:54.571000+00:00,2026-06-26T10:26:54.584000+00:00
889432,1782469676,1782469676146,1782469676,1782469676160,0,0,0,1,4,10181,888533,0,3,0.5,0.0,0.0,0.0,0.0,1.14009,0.0,EURUSD,profit_harvester,3LJ6RIJAMQO5J,2026-06-26T10:27:56+00:00,2026-06-26T10:27:56+00:00,2026-06-26T10:27:56.146000+00:00,2026-06-26T10:27:56.160000+00:00
891230,1782470008,1782470008660,1782470008,1782470008673,0,1,0,1,4,10181,891230,0,3,0.5,0.0,0.0,0.0,0.0,1.14039,0.0,EURUSD,profit_harvester,3LJ6RS6WBBW6L,2026-06-26T10:33:28+00:00,2026-06-26T10:33:28+00:00,2026-06-26T10:33:28.660000+00:00,2026-06-26T10:33:28.673000+00:00
894436,1782470317,1782470317676,1782470317,1782470317692,0,1,0,1,4,10181,894436,0,3,0.5,0.0,0.0,0.0,0.0,0.69024,0.0,AUDUSD,profit_harvester,3LJ6S36PQDUHH,2026-06-26T10:38:37+00:00,2026-06-26T10:38:37+00:00,2026-06-26T10:38:37.676000+00:00,2026-06-26T10:38:37.692000+00:00
895846,1782470732,1782470732779,1782470732,1782470732793,0,0,0,1,4,10181,894436,0,3,0.5,0.0,0.0,0.0,0.0,0.69011,0.0,AUDUSD,profit_harvester,3LJ6SHBCQYXRV,2026-06-26T10:45:32+00:00,2026-06-26T10:45:32+00:00,2026-06-26T10:45:32.779000+00:00,2026-06-26T10:45:32.793000+00:00
896422,1782470919,1782470919316,1782470919,1782470919331,0,0,0,1,4,10181,896422,0,3,0.5,0.0,0.0,0.0,0.0,0.80784,0.0,USDCHF,profit_harvester,3LJ6SMOZYYW6O,2026-06-26T10:48:39+00:00,2026-06-26T10:48:39+00:00,2026-06-26T10:48:39.316000+00:00,2026-06-26T10:48:39.331000+00:00
896830,1782471038,1782471038836,1782471038,1782471038847,0,1,0,1,4,10181,896830,0,3,0.5,0.0,0.0,0.0,0.0,0.69043,0.0,AUDUSD,profit_harvester,3LJ6SQ6DUSIQN,2026-06-26T10:50:38+00:00,2026-06-26T10:50:38+00:00,2026-06-26T10:50:38.836000+00:00,2026-06-26T10:50:38.847000+00:00
898088,1782471278,1782471278534,1782471278,1782471278546,0,1,0,1,4,10181,896422,0,3,0.5,0.0,0.0,0.0,0.0,0.80795,0.0,USDCHF,profit_harvester,3LJ6SX5LHJQTZ,2026-06-26T10:54:38+00:00,2026-06-26T10:54:38+00:00,2026-06-26T10:54:38.534000+00:00,2026-06-26T10:54:38.546000+00:00
898239,1782471321,1782471321692,1782471321,1782471321707,0,0,0,1,4,10181,896830,0,3,0.5,0.0,0.0,0.0,0.0,0.69031,0.0,AUDUSD,profit_harvester,3LJ6SYFROQ6K2,2026-06-26T10:55:21+00:00,2026-06-26T10:55:21+00:00,2026-06-26T10:55:21.692000+00:00,2026-06-26T10:55:21.707000+00:00
906930,1782472787,1782472787312,1782472787,1782472787325,0,0,0,1,4,10181,891230,0,3,0.5,0.0,0.0,0.0,0.0,1.14029,0.0,EURUSD,profit_harvester,3LJ6UD2QJZIZG,2026-06-26T11:19:47+00:00,2026-06-26T11:19:47+00:00,2026-06-26T11:19:47.312000+00:00,2026-06-26T11:19:47.325000+00:00
917866,1782473694,1782473694660,1782473694,1782473694673,0,0,0,1,4,10181,874859,0,3,0.1,0.0,0.0,0.0,0.0,4054.629,0.0,XAUUSD,strategy_v0_emer,3LJ6V5HRNN7OP,2026-06-26T11:34:54+00:00,2026-06-26T11:34:54+00:00,2026-06-26T11:34:54.660000+00:00,2026-06-26T11:34:54.673000+00:00
917885,1782473695,1782473695727,1782473695,1782473695741,0,1,0,1,4,10181,917885,0,3,0.1,0.0,0.0,0.0,0.0,4054.16,0.0,XAUUSD,profit_harvester,3LJ6V5IRHGPJU,2026-06-26T11:34:55+00:00,2026-06-26T11:34:55+00:00,2026-06-26T11:34:55.727000+00:00,2026-06-26T11:34:55.741000+00:00
918141,1782473709,1782473709163,1782473709,1782473709176,0,0,0,1,4,10181,917885,0,3,0.1,0.0,0.0,0.0,0.0,4053.853,0.0,XAUUSD,profit_harvester,3LJ6V5VBVCPE6,2026-06-26T11:35:09+00:00,2026-06-26T11:35:09+00:00,2026-06-26T11:35:09.163000+00:00,2026-06-26T11:35:09.176000+00:00
918285,1782473717,1782473717485,1782473717,1782473717498,0,1,0,1,4,10181,918285,0,3,0.5,0.0,0.0,0.0,0.0,1.14059,0.0,EURUSD,profit_harvester,3LJ6V64ZVNPZI,2026-06-26T11:35:17+00:00,2026-06-26T11:35:17+00:00,2026-06-26T11:35:17.485000+00:00,2026-06-26T11:35:17.498000+00:00
918763,1782473745,1782473745411,1782473745,1782473745425,0,0,0,1,4,10181,918285,0,3,0.5,0.0,0.0,0.0,0.0,1.14049,0.0,EURUSD,profit_harvester,3LJ6V6X25NU2T,2026-06-26T11:35:45+00:00,2026-06-26T11:35:45+00:00,2026-06-26T11:35:45.411000+00:00,2026-06-26T11:35:45.425000+00:00
924414,1782474860,1782474860677,1782474860,1782474860692,0,1,0,1,4,10181,924414,0,3,0.1,0.0,0.0,0.0,0.0,4054.245,0.0,XAUUSD,profit_harvester,3LJ6W7FPOQZ7F,2026-06-26T11:54:20+00:00,2026-06-26T11:54:20+00:00,2026-06-26T11:54:20.677000+00:00,2026-06-26T11:54:20.692000+00:00
924425,1782474863,1782474863789,1782474863,1782474863816,0,0,0,1,4,10181,924414,0,3,0.1,0.0,0.0,0.0,0.0,4053.6,0.0,XAUUSD,profit_harvester,3LJ6W7IMFMDLT,2026-06-26T11:54:23+00:00,2026-06-26T11:54:23+00:00,2026-06-26T11:54:23.789000+00:00,2026-06-26T11:54:23.816000+00:00
925893,1782475178,1782475178514,1782475178,1782475178528,0,1,0,1,4,10181,925893,0,3,0.1,0.0,0.0,0.0,0.0,4054.51,0.0,XAUUSD,profit_harvester,3LJ6WINPWAKWS,2026-06-26T11:59:38+00:00,2026-06-26T11:59:38+00:00,2026-06-26T11:59:38.514000+00:00,2026-06-26T11:59:38.528000+00:00
926392,1782475331,1782475331681,1782475331,1782475331693,0,0,0,1,4,10181,925893,0,3,0.1,0.0,0.0,0.0,0.0,4053.854,0.0,XAUUSD,profit_harvester,3LJ6WN4ENPXEL,2026-06-26T12:02:11+00:00,2026-06-26T12:02:11+00:00,2026-06-26T12:02:11.681000+00:00,2026-06-26T12:02:11.693000+00:00
928393,1782475666,1782475666979,1782475666,1782475666994,0,1,0,1,4,10181,928393,0,3,0.1,0.0,0.0,0.0,0.0,4054.42,0.0,XAUUSD,profit_harvester,3LJ6WWUNETF47,2026-06-26T12:07:46+00:00,2026-06-26T12:07:46+00:00,2026-06-26T12:07:46.979000+00:00,2026-06-26T12:07:46.994000+00:00
928901,1782475715,1782475715480,1782475715,1782475715494,0,0,0,1,4,10181,928393,0,3,0.1,0.0,0.0,0.0,0.0,4053.869,0.0,XAUUSD,profit_harvester,3LJ6WYBSSPFJ2,2026-06-26T12:08:35+00:00,2026-06-26T12:08:35+00:00,2026-06-26T12:08:35.480000+00:00,2026-06-26T12:08:35.494000+00:00
938478,1782477073,1782477073191,1782477073,1782477073204,0,1,0,1,4,10181,938478,0,3,0.1,0.0,0.0,0.0,0.0,4054.65,0.0,XAUUSD,profit_harvester,3LJ6Y7SBOVQDU,2026-06-26T12:31:13+00:00,2026-06-26T12:31:13+00:00,2026-06-26T12:31:13.191000+00:00,2026-06-26T12:31:13.204000+00:00
938688,1782477084,1782477084643,1782477084,1782477084657,0,0,0,1,4,10181,938478,0,3,0.1,0.0,0.0,0.0,0.0,4053.92,0.0,XAUUSD,profit_harvester,3LJ6YA4WY7GUK,2026-06-26T12:31:24+00:00,2026-06-26T12:31:24+00:00,2026-06-26T12:31:24.643000+00:00,2026-06-26T12:31:24.657000+00:00
947133,1782478350,1782478350385,1782478350,1782478350398,0,0,0,1,4,10181,887113,0,3,0.5,0.0,0.0,0.0,0.0,1.32122,0.0,GBPUSD,profit_harvester,3LJ6ZEXR2AM47,2026-06-26T12:52:30+00:00,2026-06-26T12:52:30+00:00,2026-06-26T12:52:30.385000+00:00,2026-06-26T12:52:30.398000+00:00
948205,1782478684,1782478684863,1782478684,1782478684877,0,1,0,1,4,10181,948205,0,3,0.5,0.0,0.0,0.0,0.0,1.32154,0.0,GBPUSD,profit_harvester,3LJ6ZOPBD7RTW,2026-06-26T12:58:04+00:00,2026-06-26T12:58:04+00:00,2026-06-26T12:58:04.863000+00:00,2026-06-26T12:58:04.877000+00:00
953801,1782480026,1782480026126,1782480026,1782480026139,0,0,0,1,4,10181,948205,0,3,0.5,0.0,0.0,0.0,0.0,1.32127,0.0,GBPUSD,profit_harvester,3LJ72VQFYQRWS,2026-06-26T13:20:26+00:00,2026-06-26T13:20:26+00:00,2026-06-26T13:20:26.126000+00:00,2026-06-26T13:20:26.139000+00:00
956161,1782480478,1782480478348,1782480478,1782480478392,0,1,0,1,4,10181,956161,0,3,0.5,0.0,0.0,0.0,0.0,1.32158,0.0,GBPUSD,profit_harvester,3LJ73CVLDGCWH,2026-06-26T13:27:58+00:00,2026-06-26T13:27:58+00:00,2026-06-26T13:27:58.348000+00:00,2026-06-26T13:27:58.392000+00:00
956379,1782480548,1782480548827,1782480548,1782480548839,0,0,0,1,4,10181,956161,0,3,0.5,0.0,0.0,0.0,0.0,1.32148,0.0,GBPUSD,profit_harvester,3LJ73EX7O2ANQ,2026-06-26T13:29:08+00:00,2026-06-26T13:29:08+00:00,2026-06-26T13:29:08.827000+00:00,2026-06-26T13:29:08.839000+00:00
959911,1782481255,1782481255685,1782481255,1782481255696,0,1,0,1,4,10181,959911,0,3,0.5,0.0,0.0,0.0,0.0,1.14079,0.0,EURUSD,profit_harvester,3LJ73ZJJOYZE2,2026-06-26T13:40:55+00:00,2026-06-26T13:40:55+00:00,2026-06-26T13:40:55.685000+00:00,2026-06-26T13:40:55.696000+00:00
961494,1782481509,1782481509494,1782481509,1782481509507,0,0,0,1,4,10181,959911,0,3,0.5,0.0,0.0,0.0,0.0,1.14069,0.0,EURUSD,profit_harvester,3LJ74AVVTEFXU,2026-06-26T13:45:09+00:00,2026-06-26T13:45:09+00:00,2026-06-26T13:45:09.494000+00:00,2026-06-26T13:45:09.507000+00:00
963124,1782481823,1782481823924,1782481823,1782481823935,0,1,0,1,4,10181,963124,0,3,0.5,0.0,0.0,0.0,0.0,1.141,0.0,EURUSD,profit_harvester,3LJ74K2QJRTA4,2026-06-26T13:50:23+00:00,2026-06-26T13:50:23+00:00,2026-06-26T13:50:23.924000+00:00,2026-06-26T13:50:23.935000+00:00
964912,1782482228,1782482228716,1782482228,1782482228730,0,0,0,1,4,10181,964912,0,3,0.5,0.0,0.0,0.0,0.0,0.80765,0.0,USDCHF,profit_harvester,3LJ74VTQE2URW,2026-06-26T13:57:08+00:00,2026-06-26T13:57:08+00:00,2026-06-26T13:57:08.716000+00:00,2026-06-26T13:57:08.730000+00:00
965127,1782482268,1782482268968,1782482268,1782482268984,0,1,0,1,4,10181,965127,0,3,0.1,0.0,0.0,0.0,0.0,4055.035,0.0,XAUUSD,profit_harvester,3LJ74WZ7Y7T6C,2026-06-26T13:57:48+00:00,2026-06-26T13:57:48+00:00,2026-06-26T13:57:48.968000+00:00,2026-06-26T13:57:48.984000+00:00
965156,1782482277,1782482277181,1782482277,1782482277194,0,1,0,1,4,10181,965156,0,3,0.5,0.0,0.0,0.0,0.0,1.32178,0.0,GBPUSD,profit_harvester,3LJ74XAUPVVVY,2026-06-26T13:57:57+00:00,2026-06-26T13:57:57+00:00,2026-06-26T13:57:57.181000+00:00,2026-06-26T13:57:57.194000+00:00
965205,1782482285,1782482285426,1782482285,1782482285441,0,0,0,1,4,10181,965156,0,3,0.5,0.0,0.0,0.0,0.0,1.32164,0.0,GBPUSD,profit_harvester,3LJ74XIKHD3WF,2026-06-26T13:58:05+00:00,2026-06-26T13:58:05+00:00,2026-06-26T13:58:05.426000+00:00,2026-06-26T13:58:05.441000+00:00
965210,1782482288,1782482288524,1782482288,1782482288538,0,0,0,1,4,10181,965127,0,3,0.1,0.0,0.0,0.0,0.0,4054.285,0.0,XAUUSD,profit_harvester,3LJ74XLGRO2Q2,2026-06-26T13:58:08+00:00,2026-06-26T13:58:08+00:00,2026-06-26T13:58:08.524000+00:00,2026-06-26T13:58:08.538000+00:00
966675,1782482597,1782482597248,1782482597,1782482597263,0,1,0,1,4,10181,966675,0,3,0.1,0.0,0.0,0.0,0.0,4055.11,0.0,XAUUSD,profit_harvester,3LJ75AKXHFHLV,2026-06-26T14:03:17+00:00,2026-06-26T14:03:17+00:00,2026-06-26T14:03:17.248000+00:00,2026-06-26T14:03:17.263000+00:00
966736,1782482606,1782482606599,1782482606,1782482606612,0,0,0,1,4,10181,966675,0,3,0.1,0.0,0.0,0.0,0.0,4054.3,0.0,XAUUSD,profit_harvester,3LJ75ATO5BFUF,2026-06-26T14:03:26+00:00,2026-06-26T14:03:26+00:00,2026-06-26T14:03:26.599000+00:00,2026-06-26T14:03:26.612000+00:00
967840,1782482832,1782482832673,1782482832,1782482832688,0,1,0,1,4,10181,967840,0,3,0.5,0.0,0.0,0.0,0.0,1.3219400000000001,0.0,GBPUSD,profit_harvester,3LJ75HG7PLYJT,2026-06-26T14:07:12+00:00,2026-06-26T14:07:12+00:00,2026-06-26T14:07:12.673000+00:00,2026-06-26T14:07:12.688000+00:00
968444,1782482965,1782482965601,1782482965,1782482965613,0,0,0,1,4,10181,967840,0,3,0.5,0.0,0.0,0.0,0.0,1.3218,0.0,GBPUSD,profit_harvester,3LJ75LBZ5XMPC,2026-06-26T14:09:25+00:00,2026-06-26T14:09:25+00:00,2026-06-26T14:09:25.601000+00:00,2026-06-26T14:09:25.613000+00:00
970027,1782483243,1782483243260,1782483243,1782483243272,0,1,0,1,4,10181,970027,0,3,0.5,0.0,0.0,0.0,0.0,0.69064,0.0,AUDUSD,profit_harvester,3LJ75TEM3AMRE,2026-06-26T14:14:03+00:00,2026-06-26T14:14:03+00:00,2026-06-26T14:14:03.260000+00:00,2026-06-26T14:14:03.272000+00:00
970296,1782483303,1782483303978,1782483303,1782483303991,0,0,0,1,4,10181,970027,0,3,0.5,0.0,0.0,0.0,0.0,0.6905,0.0,AUDUSD,profit_harvester,3LJ75V55NJFWQ,2026-06-26T14:15:03+00:00,2026-06-26T14:15:03+00:00,2026-06-26T14:15:03.978000+00:00,2026-06-26T14:15:03.991000+00:00
971439,1782483529,1782483529148,1782483529,1782483529163,0,1,0,1,4,10181,964912,0,3,0.5,0.0,0.0,0.0,0.0,0.80776,0.0,USDCHF,profit_harvester,3LJ763OUBO52O,2026-06-26T14:18:49+00:00,2026-06-26T14:18:49+00:00,2026-06-26T14:18:49.148000+00:00,2026-06-26T14:18:49.163000+00:00
972126,1782483647,1782483647971,1782483647,1782483647983,0,1,0,1,4,10181,972126,0,3,0.1,0.0,0.0,0.0,0.0,4054.846,0.0,XAUUSD,profit_harvester,3LJ7675JEEG3Y,2026-06-26T14:20:47+00:00,2026-06-26T14:20:47+00:00,2026-06-26T14:20:47.971000+00:00,2026-06-26T14:20:47.983000+00:00
972197,1782483656,1782483656230,1782483656,1782483656241,0,0,0,1,4,10181,972126,0,3,0.1,0.0,0.0,0.0,0.0,4054.335,0.0,XAUUSD,profit_harvester,3LJ767F7JIXN5,2026-06-26T14:20:56+00:00,2026-06-26T14:20:56+00:00,2026-06-26T14:20:56.230000+00:00,2026-06-26T14:20:56.241000+00:00
972951,1782483829,1782483829883,1782483829,1782483829896,0,0,0,1,4,10181,972951,0,3,0.5,0.0,0.0,0.0,0.0,0.80716,0.0,USDCHF,profit_harvester,3LJ76EGWRWJ6T,2026-06-26T14:23:49+00:00,2026-06-26T14:23:49+00:00,2026-06-26T14:23:49.883000+00:00,2026-06-26T14:23:49.896000+00:00
973188,1782483876,1782483876450,1782483876,1782483876462,0,1,0,1,4,10181,972951,0,3,0.5,0.0,0.0,0.0,0.0,0.80725,0.0,USDCHF,profit_harvester,3LJ76FSCM7E4S,2026-06-26T14:24:36+00:00,2026-06-26T14:24:36+00:00,2026-06-26T14:24:36.450000+00:00,2026-06-26T14:24:36.462000+00:00
973568,1782483957,1782483957184,1782483957,1782483957198,0,1,0,1,4,10181,973568,0,3,0.1,0.0,0.0,0.0,0.0,4057.225,0.0,XAUUSD,profit_harvester,3LJ76I5IOLBUW,2026-06-26T14:25:57+00:00,2026-06-26T14:25:57+00:00,2026-06-26T14:25:57.184000+00:00,2026-06-26T14:25:57.198000+00:00
973599,1782483962,1782483962329,1782483962,1782483962341,0,0,0,1,4,10181,973568,0,3,0.1,0.0,0.0,0.0,0.0,4056.345,0.0,XAUUSD,profit_harvester,3LJ76ICBYLRRW,2026-06-26T14:26:02+00:00,2026-06-26T14:26:02+00:00,2026-06-26T14:26:02.329000+00:00,2026-06-26T14:26:02.341000+00:00
978729,1782484935,1782484935635,1782484935,1782484935647,0,1,0,1,4,10181,978729,0,3,0.5,0.0,0.0,0.0,0.0,0.6908,0.0,AUDUSD,profit_harvester,3LJ77EMQRE24J,2026-06-26T14:42:15+00:00,2026-06-26T14:42:15+00:00,2026-06-26T14:42:15.635000+00:00,2026-06-26T14:42:15.647000+00:00
978916,1782484972,1782484972755,1782484972,1782484972766,0,0,0,1,4,10181,978729,0,3,0.5,0.0,0.0,0.0,0.0,0.6907,0.0,AUDUSD,profit_harvester,3LJ77FPCZOT42,2026-06-26T14:42:52+00:00,2026-06-26T14:42:52+00:00,2026-06-26T14:42:52.755000+00:00,2026-06-26T14:42:52.766000+00:00
978925,1782484973,1782484973824,1782484973,1782484973837,0,1,0,1,4,10181,978925,0,3,0.1,0.0,0.0,0.0,0.0,4057.08,0.0,XAUUSD,profit_harvester,3LJ77FQCVKKZC,2026-06-26T14:42:53+00:00,2026-06-26T14:42:53+00:00,2026-06-26T14:42:53.824000+00:00,2026-06-26T14:42:53.837000+00:00
979305,1782485026,1782485026178,1782485026,1782485026209,0,0,0,1,4,0,978925,0,0,0.5,0.0,0.0,0.0,0.0,4060.655,0.0,XAUUSD,,3LJ77HB3653DL,2026-06-26T14:43:46+00:00,2026-06-26T14:43:46+00:00,2026-06-26T14:43:46.178000+00:00,2026-06-26T14:43:46.209000+00:00
979562,1782485080,1782485080647,1782485080,1782485080677,0,1,0,1,4,0,978925,0,0,0.4,0.0,0.0,0.0,0.0,4060.71,0.0,XAUUSD,,3LJ77ITSHZBAU,2026-06-26T14:44:40+00:00,2026-06-26T14:44:40+00:00,2026-06-26T14:44:40.647000+00:00,2026-06-26T14:44:40.677000+00:00
979569,1782485081,1782485081515,1782485081,1782485081529,0,1,0,1,4,10181,979569,0,3,0.1,0.0,0.0,0.0,0.0,4060.655,0.0,XAUUSD,profit_harvester,3LJ77IUMDVVKG,2026-06-26T14:44:41+00:00,2026-06-26T14:44:41+00:00,2026-06-26T14:44:41.515000+00:00,2026-06-26T14:44:41.529000+00:00
979772,1782485109,1782485109426,1782485109,1782485109441,0,0,0,1,4,10181,979569,0,3,0.1,0.0,0.0,0.0,0.0,4059.51,0.0,XAUUSD,profit_harvester,3LJ77JOM6BSC3,2026-06-26T14:45:09+00:00,2026-06-26T14:45:09+00:00,2026-06-26T14:45:09.426000+00:00,2026-06-26T14:45:09.441000+00:00
980423,1782485194,1782485194850,1782485194,1782485194867,0,0,0,1,4,0,980423,0,0,0.5,0.0,0.0,0.0,0.0,4060.005,0.0,XAUUSD,,3LJ77M65ZSNHP,2026-06-26T14:46:34+00:00,2026-06-26T14:46:34+00:00,2026-06-26T14:46:34.850000+00:00,2026-06-26T14:46:34.867000+00:00
980470,1782485202,1782485202613,1782485202,1782485202628,0,1,0,1,4,0,980423,0,0,0.5,0.0,0.0,0.0,0.0,4060.49,0.0,XAUUSD,,3LJ77MFFFKAPF,2026-06-26T14:46:42+00:00,2026-06-26T14:46:42+00:00,2026-06-26T14:46:42.613000+00:00,2026-06-26T14:46:42.628000+00:00
981419,1782485325,1782485325634,1782485325,1782485325648,0,0,0,1,4,0,981419,0,0,0.5,0.0,0.0,0.0,0.0,58.4925,0.0,XAGUSD,,3LJ77PXXPHSMZ,2026-06-26T14:48:45+00:00,2026-06-26T14:48:45+00:00,2026-06-26T14:48:45.634000+00:00,2026-06-26T14:48:45.648000+00:00
981770,1782485371,1782485371561,1782485371,1782485371573,0,1,0,1,4,0,981419,0,0,0.5,0.0,0.0,0.0,0.0,58.5097,0.0,XAGUSD,,3LJ77RCQDU5AS,2026-06-26T14:49:31+00:00,2026-06-26T14:49:31+00:00,2026-06-26T14:49:31.561000+00:00,2026-06-26T14:49:31.573000+00:00
982084,1782485409,1782485409665,1782485409,1782485409678,0,1,0,1,4,10181,982084,0,3,0.1,0.0,0.0,0.0,0.0,4062.351,0.0,XAUUSD,profit_harvester,3LJ77SG7X4KYC,2026-06-26T14:50:09+00:00,2026-06-26T14:50:09+00:00,2026-06-26T14:50:09.665000+00:00,2026-06-26T14:50:09.678000+00:00
983197,1782485568,1782485568118,1782485568,1782485568130,0,0,0,1,4,10181,982084,0,3,0.1,0.0,0.0,0.0,0.0,4061.225,0.0,XAUUSD,profit_harvester,3LJ77WZS7X3CU,2026-06-26T14:52:48+00:00,2026-06-26T14:52:48+00:00,2026-06-26T14:52:48.118000+00:00,2026-06-26T14:52:48.130000+00:00
984682,1782485792,1782485792052,1782485792,1782485792065,0,0,0,1,4,0,984682,0,0,0.2,0.0,0.0,0.0,0.0,4070.085,0.0,XAUUSD,,3LJ7A5KDZPXLO,2026-06-26T14:56:32+00:00,2026-06-26T14:56:32+00:00,2026-06-26T14:56:32.052000+00:00,2026-06-26T14:56:32.065000+00:00
984779,1782485821,1782485821202,1782485821,1782485821216,0,1,0,1,4,0,984682,0,0,0.2,0.0,0.0,0.0,0.0,4070.825,0.0,XAUUSD,,3LJ7A6FIRLNDQ,2026-06-26T14:57:01+00:00,2026-06-26T14:57:01+00:00,2026-06-26T14:57:01.202000+00:00,2026-06-26T14:57:01.216000+00:00
984858,1782485844,1782485844583,1782485844,1782485844597,0,1,0,1,4,10181,984858,0,3,0.5,0.0,0.0,0.0,0.0,0.69102,0.0,AUDUSD,profit_harvester,3LJ7A73BKY7GN,2026-06-26T14:57:24+00:00,2026-06-26T14:57:24+00:00,2026-06-26T14:57:24.583000+00:00,2026-06-26T14:57:24.597000+00:00
984942,1782485868,1782485868338,1782485868,1782485868353,0,1,0,1,4,10181,984942,0,3,0.1,0.0,0.0,0.0,0.0,4075.93,0.0,XAUUSD,profit_harvester,3LJ7A7RFK4CT6,2026-06-26T14:57:48+00:00,2026-06-26T14:57:48+00:00,2026-06-26T14:57:48.338000+00:00,2026-06-26T14:57:48.353000+00:00
984964,1782485877,1782485877629,1782485877,1782485877643,0,1,0,1,4,10181,984964,0,3,0.5,0.0,0.0,0.0,0.0,1.3221,0.0,GBPUSD,profit_harvester,3LJ7AA22GY5DT,2026-06-26T14:57:57+00:00,2026-06-26T14:57:57+00:00,2026-06-26T14:57:57.629000+00:00,2026-06-26T14:57:57.643000+00:00
985058,1782485904,1782485904404,1782485904,1782485904417,0,0,0,1,4,10181,984942,0,3,0.1,0.0,0.0,0.0,0.0,4075.155,0.0,XAUUSD,profit_harvester,3LJ7AASYF4ZSQ,2026-06-26T14:58:24+00:00,2026-06-26T14:58:24+00:00,2026-06-26T14:58:24.404000+00:00,2026-06-26T14:58:24.417000+00:00
985224,1782485958,1782485958200,1782485958,1782485958229,0,0,0,1,4,10181,985224,0,3,0.5,0.0,0.0,0.0,0.0,0.80695,0.0,USDCHF,profit_harvester,3LJ7ACF3KVHPW,2026-06-26T14:59:18+00:00,2026-06-26T14:59:18+00:00,2026-06-26T14:59:18.200000+00:00,2026-06-26T14:59:18.229000+00:00
985259,1782485967,1782485967962,1782485967,1782485967976,0,0,0,0,4,0,963124,0,0,0.5,0.0,0.0,0.0,0.0,1.14246,0.0,EURUSD,,3LJ7ACO6IPJHE,2026-06-26T14:59:27+00:00,2026-06-26T14:59:27+00:00,2026-06-26T14:59:27.962000+00:00,2026-06-26T14:59:27.976000+00:00
985264,1782485968,1782485968566,1782485968,1782485968577,0,1,0,1,4,10181,985264,0,3,0.5,0.0,0.0,0.0,0.0,1.14245,0.0,EURUSD,profit_harvester,3LJ7ACOQIYBNF,2026-06-26T14:59:28+00:00,2026-06-26T14:59:28+00:00,2026-06-26T14:59:28.566000+00:00,2026-06-26T14:59:28.577000+00:00
985482,1782486024,1782486024228,1782486024,1782486024240,0,0,0,1,4,10181,985264,0,3,0.5,0.0,0.0,0.0,0.0,1.14234,0.0,EURUSD,profit_harvester,3LJ7AECLDXQA2,2026-06-26T15:00:24+00:00,2026-06-26T15:00:24+00:00,2026-06-26T15:00:24.228000+00:00,2026-06-26T15:00:24.240000+00:00
986136,1782486224,1782486224273,1782486224,1782486224287,0,1,0,1,4,10181,985224,0,3,0.5,0.0,0.0,0.0,0.0,0.80704,0.0,USDCHF,profit_harvester,3LJ7AK4V7NZYX,2026-06-26T15:03:44+00:00,2026-06-26T15:03:44+00:00,2026-06-26T15:03:44.273000+00:00,2026-06-26T15:03:44.287000+00:00
986289,1782486275,1782486275490,1782486275,1782486275504,0,1,0,1,4,10181,986289,0,3,0.1,0.0,0.0,0.0,0.0,4076.13,0.0,XAUUSD,profit_harvester,3LJ7ALMLLUXVU,2026-06-26T15:04:35+00:00,2026-06-26T15:04:35+00:00,2026-06-26T15:04:35.490000+00:00,2026-06-26T15:04:35.504000+00:00
986494,1782486325,1782486325522,1782486325,1782486325536,0,0,0,1,4,10181,986289,0,3,0.1,0.0,0.0,0.0,0.0,4075.55,0.0,XAUUSD,profit_harvester,3LJ7AN36P3LHV,2026-06-26T15:05:25+00:00,2026-06-26T15:05:25+00:00,2026-06-26T15:05:25.522000+00:00,2026-06-26T15:05:25.536000+00:00
986584,1782486343,1782486343401,1782486343,1782486343432,0,0,0,1,4,10181,984858,0,3,0.5,0.0,0.0,0.0,0.0,0.6909,0.0,AUDUSD,profit_harvester,3LJ7ANLTJ445Y,2026-06-26T15:05:43+00:00,2026-06-26T15:05:43+00:00,2026-06-26T15:05:43.401000+00:00,2026-06-26T15:05:43.432000+00:00
987577,1782486625,1782486625940,1782486625,1782486625953,0,1,0,1,4,10181,987577,0,3,0.1,0.0,0.0,0.0,0.0,4079.178,0.0,XAUUSD,profit_harvester,3LJ7AVSXS65DC,2026-06-26T15:10:25+00:00,2026-06-26T15:10:25+00:00,2026-06-26T15:10:25.940000+00:00,2026-06-26T15:10:25.953000+00:00
987590,1782486630,1782486630202,1782486630,1782486630214,0,0,0,1,4,10181,987577,0,3,0.1,0.0,0.0,0.0,0.0,4078.175,0.0,XAUUSD,profit_harvester,3LJ7AVWWT2PIA,2026-06-26T15:10:30+00:00,2026-06-26T15:10:30+00:00,2026-06-26T15:10:30.202000+00:00,2026-06-26T15:10:30.214000+00:00
988228,1782486818,1782486818974,1782486818,1782486818989,0,1,0,1,4,10181,988228,0,3,0.5,0.0,0.0,0.0,0.0,0.69122,0.0,AUDUSD,profit_harvester,3LJ7B3GQP7VSJ,2026-06-26T15:13:38+00:00,2026-06-26T15:13:38+00:00,2026-06-26T15:13:38.974000+00:00,2026-06-26T15:13:38.989000+00:00
988621,1782486930,1782486930676,1782486930,1782486930692,0,1,0,1,4,10181,988621,0,3,0.1,0.0,0.0,0.0,0.0,4083.565,0.0,XAUUSD,profit_harvester,3LJ7B6ORPAJ7Z,2026-06-26T15:15:30+00:00,2026-06-26T15:15:30+00:00,2026-06-26T15:15:30.676000+00:00,2026-06-26T15:15:30.692000+00:00
991820,1782487504,1782487504131,1782487504,1782487504144,0,0,0,1,4,10181,988621,0,3,0.1,0.0,0.0,0.0,0.0,4089.68,0.0,XAUUSD,harv_reconcile,3LJ7BPETX7C6J,2026-06-26T15:25:04+00:00,2026-06-26T15:25:04+00:00,2026-06-26T15:25:04.131000+00:00,2026-06-26T15:25:04.144000+00:00
995700,1782488083,1782488083926,1782488083,1782488083939,0,0,0,1,4,10181,988228,0,3,0.5,0.0,0.0,0.0,0.0,0.69111,0.0,AUDUSD,profit_harvester,3LJ7CAAT7CSDE,2026-06-26T15:34:43+00:00,2026-06-26T15:34:43+00:00,2026-06-26T15:34:43.926000+00:00,2026-06-26T15:34:43.939000+00:00
996762,1782488271,1782488271767,1782488271,1782488271782,0,0,0,1,4,10181,996762,0,3,0.1,0.0,0.0,0.0,0.0,4077.672,0.0,XAUUSD,profit_harvester,3LJ7CFPRDLUML,2026-06-26T15:37:51+00:00,2026-06-26T15:37:51+00:00,2026-06-26T15:37:51.767000+00:00,2026-06-26T15:37:51.782000+00:00
997352,1782488350,1782488350850,1782488350,1782488350863,0,1,0,1,4,10181,996762,0,3,0.1,0.0,0.0,0.0,0.0,4078.2,0.0,XAUUSD,profit_harvester,3LJ7CHZG3W4TT,2026-06-26T15:39:10+00:00,2026-06-26T15:39:10+00:00,2026-06-26T15:39:10.850000+00:00,2026-06-26T15:39:10.863000+00:00
997967,1782488451,1782488451422,1782488451,1782488451435,0,0,0,1,4,10181,984964,0,3,0.5,0.0,0.0,0.0,0.0,1.322,0.0,GBPUSD,profit_harvester,3LJ7CKX3F3OXF,2026-06-26T15:40:51+00:00,2026-06-26T15:40:51+00:00,2026-06-26T15:40:51.422000+00:00,2026-06-26T15:40:51.435000+00:00
998318,1782488507,1782488507977,1782488507,1782488507990,0,1,0,1,4,0,998318,0,0,0.1,0.0,0.0,0.0,0.0,4076.6,0.0,XAUUSD,,3LJ7CMLQUGGX2,2026-06-26T15:41:47+00:00,2026-06-26T15:41:47+00:00,2026-06-26T15:41:47.977000+00:00,2026-06-26T15:41:47.990000+00:00
998319,1782488508,1782488508080,1782488508,1782488508092,0,0,0,1,4,10181,998318,0,3,0.1,0.0,0.0,0.0,0.0,4076.78,0.0,XAUUSD,harv_reconcile,3LJ7CMLTX2TPJ,2026-06-26T15:41:48+00:00,2026-06-26T15:41:48+00:00,2026-06-26T15:41:48.080000+00:00,2026-06-26T15:41:48.092000+00:00
999050,1782488620,1782488620356,1782488620,1782488620371,0,1,0,0,4,0,701418,0,0,0.5,0.0,0.0,0.0,0.0,161.613,0.0,USDJPY,,3LJ7CPUG2HNZG,2026-06-26T15:43:40+00:00,2026-06-26T15:43:40+00:00,2026-06-26T15:43:40.356000+00:00,2026-06-26T15:43:40.371000+00:00
999051,1782488621,1782488621211,1782488621,1782488621225,0,0,0,1,4,10181,999051,0,3,0.5,0.0,0.0,0.0,0.0,161.615,0.0,USDJPY,profit_harvester,3LJ7CPV7JIL5V,2026-06-26T15:43:41+00:00,2026-06-26T15:43:41+00:00,2026-06-26T15:43:41.211000+00:00,2026-06-26T15:43:41.225000+00:00
1001258,1782488978,1782488978641,1782488978,1782488978654,0,0,0,0,4,0,999051,0,0,0.5,0.0,0.0,0.0,0.0,161.605,0.0,USDJPY,,3LJ7D2C3P27FL,2026-06-26T15:49:38+00:00,2026-06-26T15:49:38+00:00,2026-06-26T15:49:38.641000+00:00,2026-06-26T15:49:38.654000+00:00
1001292,1782488987,1782488987243,1782488987,1782488987254,0,0,0,1,4,10181,1001292,0,3,0.5,0.0,0.0,0.0,0.0,1.3216700000000001,0.0,GBPUSD,profit_harvester,3LJ7D2K42I4ZM,2026-06-26T15:49:47+00:00,2026-06-26T15:49:47+00:00,2026-06-26T15:49:47.243000+00:00,2026-06-26T15:49:47.254000+00:00
1001314,1782488990,1782488990347,1782488990,1782488990358,0,1,0,0,4,0,999051,0,0,1.0,0.0,0.0,0.0,0.0,161.615,0.0,USDJPY,,3LJ7D2MYKIIRA,2026-06-26T15:49:50+00:00,2026-06-26T15:49:50+00:00,2026-06-26T15:49:50.347000+00:00,2026-06-26T15:49:50.358000+00:00
1001328,1782488991,1782488991397,1782488991,1782488991408,0,0,0,1,4,10181,1001328,0,3,0.5,0.0,0.0,0.0,0.0,161.617,0.0,USDJPY,profit_harvester,3LJ7D2NXUETDU,2026-06-26T15:49:51+00:00,2026-06-26T15:49:51+00:00,2026-06-26T15:49:51.397000+00:00,2026-06-26T15:49:51.408000+00:00
1001354,1782488996,1782488996587,1782488996,1782488996597,0,1,0,1,4,10181,1001292,0,3,0.5,0.0,0.0,0.0,0.0,1.32182,0.0,GBPUSD,profit_harvester,3LJ7D2SSJJOI4,2026-06-26T15:49:56+00:00,2026-06-26T15:49:56+00:00,2026-06-26T15:49:56.587000+00:00,2026-06-26T15:49:56.597000+00:00
1001696,1782489070,1782489070521,1782489070,1782489070534,0,1,0,0,4,0,1001328,0,0,0.5,0.0,0.0,0.0,0.0,161.624,0.0,USDJPY,,3LJ7D4XNXOC46,2026-06-26T15:51:10+00:00,2026-06-26T15:51:10+00:00,2026-06-26T15:51:10.521000+00:00,2026-06-26T15:51:10.534000+00:00
1001707,1782489071,1782489071571,1782489071,1782489071587,0,0,0,1,4,10181,1001707,0,3,0.5,0.0,0.0,0.0,0.0,161.625,0.0,USDJPY,profit_harvester,3LJ7D4YNB3I6B,2026-06-26T15:51:11+00:00,2026-06-26T15:51:11+00:00,2026-06-26T15:51:11.571000+00:00,2026-06-26T15:51:11.587000+00:00
1001968,1782489109,1782489109954,1782489109,1782489109966,0,1,0,0,4,0,1001707,0,0,0.5,0.0,0.0,0.0,0.0,161.626,0.0,USDJPY,,3LJ7D64F66YJB,2026-06-26T15:51:49+00:00,2026-06-26T15:51:49+00:00,2026-06-26T15:51:49.954000+00:00,2026-06-26T15:51:49.966000+00:00
1001974,1782489110,1782489110477,1782489110,1782489110490,0,0,0,1,4,10181,1001974,0,3,0.5,0.0,0.0,0.0,0.0,161.626,0.0,USDJPY,profit_harvester,3LJ7D64URBGJM,2026-06-26T15:51:50+00:00,2026-06-26T15:51:50+00:00,2026-06-26T15:51:50.477000+00:00,2026-06-26T15:51:50.490000+00:00
1002056,1782489122,1782489122740,1782489122,1782489122752,0,1,0,0,4,0,1001974,0,0,0.5,0.0,0.0,0.0,0.0,161.627,0.0,USDJPY,,3LJ7D6IC75ENS,2026-06-26T15:52:02+00:00,2026-06-26T15:52:02+00:00,2026-06-26T15:52:02.740000+00:00,2026-06-26T15:52:02.752000+00:00
1002057,1782489123,1782489123095,1782489123,1782489123108,0,0,0,1,4,10181,1002057,0,3,0.5,0.0,0.0,0.0,0.0,161.628,0.0,USDJPY,profit_harvester,3LJ7D6IMSC5YD,2026-06-26T15:52:03+00:00,2026-06-26T15:52:03+00:00,2026-06-26T15:52:03.095000+00:00,2026-06-26T15:52:03.108000+00:00
1002150,1782489141,1782489141004,1782489141,1782489141017,0,1,0,0,4,0,1002057,0,0,0.5,0.0,0.0,0.0,0.0,161.629,0.0,USDJPY,,3LJ7D6ZCJSRBQ,2026-06-26T15:52:21+00:00,2026-06-26T15:52:21+00:00,2026-06-26T15:52:21.004000+00:00,2026-06-26T15:52:21.017000+00:00
1002151,1782489141,1782489141072,1782489141,1782489141084,0,0,0,1,4,10181,1002151,0,3,0.5,0.0,0.0,0.0,0.0,161.631,0.0,USDJPY,profit_harvester,3LJ7D6ZEJUZT5,2026-06-26T15:52:21+00:00,2026-06-26T15:52:21+00:00,2026-06-26T15:52:21.072000+00:00,2026-06-26T15:52:21.084000+00:00
1002777,1782489267,1782489267775,1782489267,1782489267786,0,1,0,1,4,10181,1002151,0,3,0.5,0.0,0.0,0.0,0.0,161.648,0.0,USDJPY,profit_harvester,3LJ7DCPELZ2LA,2026-06-26T15:54:27+00:00,2026-06-26T15:54:27+00:00,2026-06-26T15:54:27.775000+00:00,2026-06-26T15:54:27.786000+00:00
1002930,1782489297,1782489297600,1782489297,1782489297613,0,0,0,1,4,10181,1002930,0,3,0.5,0.0,0.0,0.0,0.0,1.3207499999999999,0.0,GBPUSD,profit_harvester,3LJ7DDL5HVEJO,2026-06-26T15:54:57+00:00,2026-06-26T15:54:57+00:00,2026-06-26T15:54:57.600000+00:00,2026-06-26T15:54:57.613000+00:00
1006479,1782489989,1782489989319,1782489989,1782489989332,0,0,0,1,4,10181,1006479,0,3,0.1,0.0,0.0,0.0,0.0,4077.575,0.0,XAUUSD,profit_harvester,3LJ7DXPEDKYWK,2026-06-26T16:06:29+00:00,2026-06-26T16:06:29+00:00,2026-06-26T16:06:29.319000+00:00,2026-06-26T16:06:29.332000+00:00
1007086,1782490063,1782490063210,1782490063,1782490063226,0,1,0,1,4,10181,1006479,0,3,0.1,0.0,0.0,0.0,0.0,4078.08,0.0,XAUUSD,profit_harvester,3LJ7DZU6IF7NV,2026-06-26T16:07:43+00:00,2026-06-26T16:07:43+00:00,2026-06-26T16:07:43.210000+00:00,2026-06-26T16:07:43.226000+00:00
1009290,1782490413,1782490413077,1782490413,1782490413089,0,1,0,1,4,10181,1002930,0,3,0.5,0.0,0.0,0.0,0.0,1.32087,0.0,GBPUSD,profit_harvester,3LJ7EDZZC5XMG,2026-06-26T16:13:33+00:00,2026-06-26T16:13:33+00:00,2026-06-26T16:13:33.077000+00:00,2026-06-26T16:13:33.089000+00:00
1042091,1782495464,1782495464861,1782495464,1782495464876,0,0,0,1,4,10181,1042091,0,3,0.5,0.0,0.0,0.0,0.0,1.32054,0.0,GBPUSD,profit_harvester,3LJ7IX2U7ZUMO,2026-06-26T17:37:44+00:00,2026-06-26T17:37:44+00:00,2026-06-26T17:37:44.861000+00:00,2026-06-26T17:37:44.876000+00:00
1042973,1782495585,1782495585325,1782495585,1782495585336,0,1,0,1,4,10181,1042091,0,3,0.5,0.0,0.0,0.0,0.0,1.32065,0.0,GBPUSD,profit_harvester,3LJ7J2L2AUGE4,2026-06-26T17:39:45+00:00,2026-06-26T17:39:45+00:00,2026-06-26T17:39:45.325000+00:00,2026-06-26T17:39:45.336000+00:00
1065834,1782498070,1782498070667,1782498070,1782498070680,0,0,0,1,4,10181,1065834,0,3,0.5,0.0,0.0,0.0,0.0,1.32034,0.0,GBPUSD,profit_harvester,3LJ7LCVPAAZCE,2026-06-26T18:21:10+00:00,2026-06-26T18:21:10+00:00,2026-06-26T18:21:10.667000+00:00,2026-06-26T18:21:10.680000+00:00
1065974,1782498108,1782498108750,1782498108,1782498108763,0,1,0,1,4,10181,1065834,0,3,0.5,0.0,0.0,0.0,0.0,1.32046,0.0,GBPUSD,profit_harvester,3LJ7LDZ67ZRB5,2026-06-26T18:21:48+00:00,2026-06-26T18:21:48+00:00,2026-06-26T18:21:48.750000+00:00,2026-06-26T18:21:48.763000+00:00
1070348,1782498704,1782498704134,1782498704,1782498704147,0,0,0,1,4,10181,1070348,0,3,0.5,0.0,0.0,0.0,0.0,1.32016,0.0,GBPUSD,profit_harvester,3LJ7LVDNZMPJL,2026-06-26T18:31:44+00:00,2026-06-26T18:31:44+00:00,2026-06-26T18:31:44.134000+00:00,2026-06-26T18:31:44.147000+00:00
1070488,1782498731,1782498731749,1782498731,1782498731759,0,0,0,1,4,10181,1070488,0,3,0.1,0.0,0.0,0.0,0.0,4077.545,0.0,XAUUSD,profit_harvester,3LJ7LW5EY2OVV,2026-06-26T18:32:11+00:00,2026-06-26T18:32:11+00:00,2026-06-26T18:32:11.749000+00:00,2026-06-26T18:32:11.759000+00:00
1070749,1782498781,1782498781486,1782498781,1782498781498,0,1,0,1,4,10181,1070488,0,3,0.1,0.0,0.0,0.0,0.0,4078.075,0.0,XAUUSD,profit_harvester,3LJ7LXLPBI2DV,2026-06-26T18:33:01+00:00,2026-06-26T18:33:01+00:00,2026-06-26T18:33:01.486000+00:00,2026-06-26T18:33:01.498000+00:00
1073255,1782499082,1782499082321,1782499082,1782499082347,0,0,0,1,4,10181,1073255,0,3,0.1,0.0,0.0,0.0,0.0,4076.175,0.0,XAUUSD,profit_harvester,3LJ7MADUVPINR,2026-06-26T18:38:02+00:00,2026-06-26T18:38:02+00:00,2026-06-26T18:38:02.321000+00:00,2026-06-26T18:38:02.347000+00:00
1077237,1782499351,1782499351431,1782499351,1782499351444,0,1,0,1,4,10181,1073255,0,3,0.1,0.0,0.0,0.0,0.0,4076.81,0.0,XAUUSD,profit_harvester,3LJ7MI6IXZRBD,2026-06-26T18:42:31+00:00,2026-06-26T18:42:31+00:00,2026-06-26T18:42:31.431000+00:00,2026-06-26T18:42:31.444000+00:00
1077640,1782499420,1782499420008,1782499420,1782499420021,0,1,0,1,4,10181,1070348,0,3,0.5,0.0,0.0,0.0,0.0,1.32028,0.0,GBPUSD,profit_harvester,3LJ7MK6EQKWF2,2026-06-26T18:43:40+00:00,2026-06-26T18:43:40+00:00,2026-06-26T18:43:40.008000+00:00,2026-06-26T18:43:40.021000+00:00
1078523,1782499651,1782499651879,1782499651,1782499651892,0,0,0,1,4,10181,1078523,0,3,0.1,0.0,0.0,0.0,0.0,4075.295,0.0,XAUUSD,profit_harvester,3LJ7MQWD2Y6U4,2026-06-26T18:47:31+00:00,2026-06-26T18:47:31+00:00,2026-06-26T18:47:31.879000+00:00,2026-06-26T18:47:31.892000+00:00
1079948,1782499758,1782499758504,1782499758,1782499758516,0,1,0,1,4,10181,1078523,0,3,0.1,0.0,0.0,0.0,0.0,4075.785,0.0,XAUUSD,profit_harvester,3LJ7MTZMOEROU,2026-06-26T18:49:18+00:00,2026-06-26T18:49:18+00:00,2026-06-26T18:49:18.504000+00:00,2026-06-26T18:49:18.516000+00:00
1084486,1782500059,1782500059290,1782500059,1782500059302,0,0,0,1,4,10181,1084486,0,3,0.1,0.0,0.0,0.0,0.0,4074.889,0.0,XAUUSD,profit_harvester,3LJ7N4RQTEEMM,2026-06-26T18:54:19+00:00,2026-06-26T18:54:19+00:00,2026-06-26T18:54:19.290000+00:00,2026-06-26T18:54:19.302000+00:00
1084657,1782500094,1782500094115,1782500094,1782500094129,0,1,0,1,4,10181,1084486,0,3,0.1,0.0,0.0,0.0,0.0,4075.39,0.0,XAUUSD,profit_harvester,3LJ7N5S6PG7JW,2026-06-26T18:54:54+00:00,2026-06-26T18:54:54+00:00,2026-06-26T18:54:54.115000+00:00,2026-06-26T18:54:54.129000+00:00
1085970,1782500325,1782500325092,1782500325,1782500325107,0,0,0,1,4,10181,1085970,0,3,0.5,0.0,0.0,0.0,0.0,1.31994,0.0,GBPUSD,profit_harvester,3LJ7NEJCFEHJ2,2026-06-26T18:58:45+00:00,2026-06-26T18:58:45+00:00,2026-06-26T18:58:45.092000+00:00,2026-06-26T18:58:45.107000+00:00
1086082,1782500350,1782500350584,1782500350,1782500350594,0,1,0,1,4,10181,1085970,0,3,0.5,0.0,0.0,0.0,0.0,1.32004,0.0,GBPUSD,profit_harvester,3LJ7NFAZZGDTK,2026-06-26T18:59:10+00:00,2026-06-26T18:59:10+00:00,2026-06-26T18:59:10.584000+00:00,2026-06-26T18:59:10.594000+00:00
1086306,1782500403,1782500403431,1782500403,1782500403442,0,0,0,1,4,10181,1086306,0,3,0.1,0.0,0.0,0.0,0.0,4074.82,0.0,XAUUSD,profit_harvester,3LJ7NGSAYGJKE,2026-06-26T19:00:03+00:00,2026-06-26T19:00:03+00:00,2026-06-26T19:00:03.431000+00:00,2026-06-26T19:00:03.442000+00:00
1090283,1782500628,1782500628061,1782500628,1782500628074,0,1,0,1,4,10181,1086306,0,3,0.1,0.0,0.0,0.0,0.0,4075.39,0.0,XAUUSD,profit_harvester,3LJ7NNDHIYP6J,2026-06-26T19:03:48+00:00,2026-06-26T19:03:48+00:00,2026-06-26T19:03:48.061000+00:00,2026-06-26T19:03:48.074000+00:00
1093775,1782500888,1782500888369,1782500888,1782500888383,0,1,0,1,4,0,1093775,0,0,0.5,0.0,0.0,0.0,0.0,59.0323,0.0,XAGUSD,,3LJ7NUVVCVC5Z,2026-06-26T19:08:08+00:00,2026-06-26T19:08:08+00:00,2026-06-26T19:08:08.369000+00:00,2026-06-26T19:08:08.383000+00:00
1101136,1782501413,1782501413837,1782501413,1782501413851,0,0,0,1,4,10181,1101136,0,3,0.1,0.0,0.0,0.0,0.0,4074.555,0.0,XAUUSD,profit_harvester,3LJ7OE7BJAU7J,2026-06-26T19:16:53+00:00,2026-06-26T19:16:53+00:00,2026-06-26T19:16:53.837000+00:00,2026-06-26T19:16:53.851000+00:00
1103039,1782501500,1782501500753,1782501500,1782501500767,0,1,0,1,4,10181,1101136,0,3,0.1,0.0,0.0,0.0,0.0,4075.085,0.0,XAUUSD,profit_harvester,3LJ7OGQ7SP3O7,2026-06-26T19:18:20+00:00,2026-06-26T19:18:20+00:00,2026-06-26T19:18:20.753000+00:00,2026-06-26T19:18:20.767000+00:00
1103048,1782501501,1782501501378,1782501501,1782501501392,0,0,0,1,4,0,1093775,0,0,0.5,0.0,0.0,0.0,0.0,59.1053,0.0,XAGUSD,,3LJ7OGQSGLAZ4,2026-06-26T19:18:21+00:00,2026-06-26T19:18:21+00:00,2026-06-26T19:18:21.378000+00:00,2026-06-26T19:18:21.392000+00:00
1103590,1782501546,1782501546773,1782501546,1782501546785,0,1,0,1,4,0,1103590,0,0,0.5,0.0,0.0,0.0,0.0,59.0361,0.0,XAGUSD,,3LJ7OI33ATD73,2026-06-26T19:19:06+00:00,2026-06-26T19:19:06+00:00,2026-06-26T19:19:06.773000+00:00,2026-06-26T19:19:06.785000+00:00
1103703,1782501574,1782501574970,1782501574,1782501574983,0,0,0,1,4,0,1103590,0,0,0.5,0.0,0.0,0.0,0.0,59.0333,0.0,XAGUSD,,3LJ7OIVDLW5NO,2026-06-26T19:19:34+00:00,2026-06-26T19:19:34+00:00,2026-06-26T19:19:34.970000+00:00,2026-06-26T19:19:34.983000+00:00
1104339,1782501632,1782501632715,1782501632,1782501632728,0,1,0,1,4,0,1104339,0,0,0.5,0.0,0.0,0.0,0.0,4072.74,0.0,XAUUSD,,3LJ7OKL4JY6WO,2026-06-26T19:20:32+00:00,2026-06-26T19:20:32+00:00,2026-06-26T19:20:32.715000+00:00,2026-06-26T19:20:32.728000+00:00
1104347,1782501639,1782501639414,1782501639,1782501639427,0,0,0,1,4,0,1104339,0,0,0.5,0.0,0.0,0.0,0.0,4072.94,0.0,XAUUSD,,3LJ7OKRE763ND,2026-06-26T19:20:39+00:00,2026-06-26T19:20:39+00:00,2026-06-26T19:20:39.414000+00:00,2026-06-26T19:20:39.427000+00:00
1104536,1782501655,1782501655966,1782501655,1782501655979,0,1,0,1,4,0,1104536,0,0,0.5,0.0,0.0,0.0,0.0,4072.38,0.0,XAUUSD,,3LJ7OLARHPTTR,2026-06-26T19:20:55+00:00,2026-06-26T19:20:55+00:00,2026-06-26T19:20:55.966000+00:00,2026-06-26T19:20:55.979000+00:00
1104652,1782501664,1782501664832,1782501664,1782501664844,0,0,0,1,4,0,1104536,0,0,0.5,0.0,0.0,0.0,0.0,4072.12,0.0,XAUUSD,,3LJ7OLIZP3C5T,2026-06-26T19:21:04+00:00,2026-06-26T19:21:04+00:00,2026-06-26T19:21:04.832000+00:00,2026-06-26T19:21:04.844000+00:00
1105895,1782501743,1782501743801,1782501743,1782501743814,0,0,0,1,4,0,1105895,0,0,0.5,0.0,0.0,0.0,0.0,4072.965,0.0,XAUUSD,,3LJ7ONSL6NPLI,2026-06-26T19:22:23+00:00,2026-06-26T19:22:23+00:00,2026-06-26T19:22:23.801000+00:00,2026-06-26T19:22:23.814000+00:00
1105934,1782501760,1782501760474,1782501760,1782501760487,0,1,0,1,4,0,1105895,0,0,0.5,0.0,0.0,0.0,0.0,4073.155,0.0,XAUUSD,,3LJ7OOC4357UQ,2026-06-26T19:22:40+00:00,2026-06-26T19:22:40+00:00,2026-06-26T19:22:40.474000+00:00,2026-06-26T19:22:40.487000+00:00
1105980,1782501770,1782501770527,1782501770,1782501770540,0,1,0,1,4,0,1105980,0,0,0.5,0.0,0.0,0.0,0.0,4072.8,0.0,XAUUSD,,3LJ7OOLHODYPD,2026-06-26T19:22:50+00:00,2026-06-26T19:22:50+00:00,2026-06-26T19:22:50.527000+00:00,2026-06-26T19:22:50.540000+00:00
1106028,1782501775,1782501775820,1782501775,1782501775868,0,0,0,1,4,0,1105980,0,0,0.5,0.0,0.0,0.0,0.0,4072.795,0.0,XAUUSD,,3LJ7OOQFG2H3L,2026-06-26T19:22:55+00:00,2026-06-26T19:22:55+00:00,2026-06-26T19:22:55.820000+00:00,2026-06-26T19:22:55.868000+00:00
1106047,1782501783,1782501783058,1782501783,1782501783072,0,0,0,0,4,0,1106047,0,0,0.5,0.0,0.0,0.0,0.0,0.86264,0.0,EURGBP,,3LJ7OOX54NK4B,2026-06-26T19:23:03+00:00,2026-06-26T19:23:03+00:00,2026-06-26T19:23:03.058000+00:00,2026-06-26T19:23:03.072000+00:00
1106257,1782501801,1782501801343,1782501801,1782501801355,0,0,0,1,4,10181,1106257,0,3,0.1,0.0,0.0,0.0,0.0,4072.7,0.0,XAUUSD,profit_harvester,3LJ7OPI62POZQ,2026-06-26T19:23:21+00:00,2026-06-26T19:23:21+00:00,2026-06-26T19:23:21.343000+00:00,2026-06-26T19:23:21.355000+00:00
1106748,1782501841,1782501841487,1782501841,1782501841503,0,1,0,0,4,0,1106047,0,0,0.5,0.0,0.0,0.0,0.0,0.86264,0.0,EURGBP,,3LJ7OQNKHYKSV,2026-06-26T19:24:01+00:00,2026-06-26T19:24:01+00:00,2026-06-26T19:24:01.487000+00:00,2026-06-26T19:24:01.503000+00:00
1106781,1782501870,1782501870314,1782501870,1782501870326,0,1,0,1,4,0,1106781,0,0,0.5,0.0,0.0,0.0,0.0,59.0058,0.0,XAGUSD,,3LJ7ORIFKXQHA,2026-06-26T19:24:30+00:00,2026-06-26T19:24:30+00:00,2026-06-26T19:24:30.314000+00:00,2026-06-26T19:24:30.326000+00:00
1109167,1782501988,1782501988730,1782501988,1782501988745,0,1,0,1,4,10181,1106257,0,3,0.1,0.0,0.0,0.0,0.0,4073.6,0.0,XAUUSD,profit_harvester,3LJ7OUWOO4THM,2026-06-26T19:26:28+00:00,2026-06-26T19:26:28+00:00,2026-06-26T19:26:28.730000+00:00,2026-06-26T19:26:28.745000+00:00
1113027,1782502402,1782502402801,1782502402,1782502402816,0,1,0,0,4,0,1113027,0,0,0.5,0.0,0.0,0.0,0.0,1.41882,0.0,USDCAD,,3LJ7PAYCVJ3NS,2026-06-26T19:33:22+00:00,2026-06-26T19:33:22+00:00,2026-06-26T19:33:22.801000+00:00,2026-06-26T19:33:22.816000+00:00
1115001,1782502566,1782502566315,1782502566,1782502566329,0,0,0,0,4,0,1113027,0,0,0.5,0.0,0.0,0.0,0.0,1.41878,0.0,USDCAD,,3LJ7PFQLYXYRT,2026-06-26T19:36:06+00:00,2026-06-26T19:36:06+00:00,2026-06-26T19:36:06.315000+00:00,2026-06-26T19:36:06.329000+00:00
1115448,1782502619,1782502619080,1782502619,1782502619094,0,0,0,1,4,10181,1115448,0,3,0.1,0.0,0.0,0.0,0.0,4073.095,0.0,XAUUSD,profit_harvester,3LJ7PHBQKQXOL,2026-06-26T19:36:59+00:00,2026-06-26T19:36:59+00:00,2026-06-26T19:36:59.080000+00:00,2026-06-26T19:36:59.094000+00:00
1116236,1782502684,1782502684367,1782502684,1782502684383,0,1,0,1,4,10181,1115448,0,3,0.1,0.0,0.0,0.0,0.0,4073.875,0.0,XAUUSD,profit_harvester,3LJ7PJ6KBUPAW,2026-06-26T19:38:04+00:00,2026-06-26T19:38:04+00:00,2026-06-26T19:38:04.367000+00:00,2026-06-26T19:38:04.383000+00:00
1116456,1782502710,1782502710540,1782502710,1782502710553,0,1,0,1,4,0,1106781,0,0,0.5,0.0,0.0,0.0,0.0,59.0077,0.0,XAGUSD,,3LJ7PJWWBRBWB,2026-06-26T19:38:30+00:00,2026-06-26T19:38:30+00:00,2026-06-26T19:38:30.540000+00:00,2026-06-26T19:38:30.553000+00:00
1116704,1782502794,1782502794316,1782502794,1782502794330,0,1,0,0,4,0,1116704,0,0,0.5,0.0,0.0,0.0,0.0,1.41859,0.0,USDCAD,,3LJ7PMEWX7ZQP,2026-06-26T19:39:54+00:00,2026-06-26T19:39:54+00:00,2026-06-26T19:39:54.316000+00:00,2026-06-26T19:39:54.330000+00:00
1116809,1782502825,1782502825125,1782502825,1782502825141,0,0,0,1,4,0,1106781,0,0,1.0,0.0,0.0,0.0,0.0,58.9973,0.0,XAGUSD,,3LJ7PNBN4G5ZR,2026-06-26T19:40:25+00:00,2026-06-26T19:40:25+00:00,2026-06-26T19:40:25.125000+00:00,2026-06-26T19:40:25.141000+00:00
1117950,1782502940,1782502940536,1782502940,1782502940553,0,1,0,0,4,0,1117950,0,0,0.5,0.0,0.0,0.0,0.0,161.73,0.0,USDJPY,,3LJ7PQN4OLB4O,2026-06-26T19:42:20+00:00,2026-06-26T19:42:20+00:00,2026-06-26T19:42:20.536000+00:00,2026-06-26T19:42:20.553000+00:00
1119242,1782502985,1782502985683,1782502985,1782502985696,0,0,0,1,4,10181,1119242,0,3,0.1,0.0,0.0,0.0,0.0,4073.175,0.0,XAUUSD,profit_harvester,3LJ7PRX65MEFZ,2026-06-26T19:43:05+00:00,2026-06-26T19:43:05+00:00,2026-06-26T19:43:05.683000+00:00,2026-06-26T19:43:05.696000+00:00
1120670,1782503051,1782503051712,1782503051,1782503051726,0,1,0,1,4,10181,1119242,0,3,0.1,0.0,0.0,0.0,0.0,4073.695,0.0,XAUUSD,profit_harvester,3LJ7PTUNY36XZ,2026-06-26T19:44:11+00:00,2026-06-26T19:44:11+00:00,2026-06-26T19:44:11.712000+00:00,2026-06-26T19:44:11.726000+00:00
1120959,1782503102,1782503102125,1782503102,1782503102138,0,1,0,1,4,0,1120959,0,0,0.5,0.0,0.0,0.0,0.0,59.0125,0.0,XAGUSD,,3LJ7PVDMFRG3I,2026-06-26T19:45:02+00:00,2026-06-26T19:45:02+00:00,2026-06-26T19:45:02.125000+00:00,2026-06-26T19:45:02.138000+00:00
1121270,1782503118,1782503118025,1782503118,1782503118040,0,0,0,1,4,0,1120959,0,0,0.5,0.0,0.0,0.0,0.0,58.9983,0.0,XAGUSD,,3LJ7PVSGBIYDU,2026-06-26T19:45:18+00:00,2026-06-26T19:45:18+00:00,2026-06-26T19:45:18.025000+00:00,2026-06-26T19:45:18.040000+00:00
1121364,1782503131,1782503131784,1782503131,1782503131799,0,1,0,1,4,0,1121364,0,0,0.5,0.0,0.0,0.0,0.0,58.9732,0.0,XAGUSD,,3LJ7PW7AE5BOO,2026-06-26T19:45:31+00:00,2026-06-26T19:45:31+00:00,2026-06-26T19:45:31.784000+00:00,2026-06-26T19:45:31.799000+00:00
1121499,1782503161,1782503161714,1782503161,1782503161729,0,0,0,1,4,0,1121364,0,0,0.5,0.0,0.0,0.0,0.0,58.9963,0.0,XAGUSD,,3LJ7PX34CYJYS,2026-06-26T19:46:01+00:00,2026-06-26T19:46:01+00:00,2026-06-26T19:46:01.714000+00:00,2026-06-26T19:46:01.729000+00:00
1121586,1782503182,1782503182572,1782503182,1782503182586,0,1,0,1,4,0,1121586,0,0,0.5,0.0,0.0,0.0,0.0,58.9507,0.0,XAGUSD,,3LJ7PXOJX3QLM,2026-06-26T19:46:22+00:00,2026-06-26T19:46:22+00:00,2026-06-26T19:46:22.572000+00:00,2026-06-26T19:46:22.586000+00:00
1121661,1782503203,1782503203993,1782503204,1782503204008,0,0,0,1,4,0,1121586,0,0,0.5,0.0,0.0,0.0,0.0,58.9213,0.0,XAGUSD,,3LJ7PYCIDW4OS,2026-06-26T19:46:43+00:00,2026-06-26T19:46:44+00:00,2026-06-26T19:46:43.993000+00:00,2026-06-26T19:46:44.008000+00:00
1121936,1782503265,1782503265919,1782503265,1782503265945,0,1,0,1,4,0,1121936,0,0,0.5,0.0,0.0,0.0,0.0,58.875,0.0,XAGUSD,,3LJ7Q245US4A6,2026-06-26T19:47:45+00:00,2026-06-26T19:47:45+00:00,2026-06-26T19:47:45.919000+00:00,2026-06-26T19:47:45.945000+00:00
1122215,1782503310,1782503310732,1782503310,1782503310748,0,0,0,1,4,0,1121936,0,0,0.5,0.0,0.0,0.0,0.0,58.8613,0.0,XAGUSD,,3LJ7Q3FVG6UBU,2026-06-26T19:48:30+00:00,2026-06-26T19:48:30+00:00,2026-06-26T19:48:30.732000+00:00,2026-06-26T19:48:30.748000+00:00
1122418,1782503352,1782503352222,1782503352,1782503352233,0,0,0,1,4,10181,1122418,0,3,0.1,0.0,0.0,0.0,0.0,4069.3,0.0,XAUUSD,profit_harvester,3LJ7Q4MJTC3GK,2026-06-26T19:49:12+00:00,2026-06-26T19:49:12+00:00,2026-06-26T19:49:12.222000+00:00,2026-06-26T19:49:12.233000+00:00
1124316,1782503523,1782503523766,1782503523,1782503523778,0,1,0,1,4,0,1124316,0,0,0.5,0.0,0.0,0.0,0.0,58.8853,0.0,XAGUSD,,3LJ7QBMCAWYZD,2026-06-26T19:52:03+00:00,2026-06-26T19:52:03+00:00,2026-06-26T19:52:03.766000+00:00,2026-06-26T19:52:03.778000+00:00
1124648,1782503562,1782503562937,1782503562,1782503562951,0,1,0,1,4,10181,1122418,0,3,0.1,0.0,0.0,0.0,0.0,4069.825,0.0,XAUUSD,profit_harvester,3LJ7QCQRO4ZSF,2026-06-26T19:52:42+00:00,2026-06-26T19:52:42+00:00,2026-06-26T19:52:42.937000+00:00,2026-06-26T19:52:42.951000+00:00
1129469,1782503863,1782503863537,1782503863,1782503863550,0,0,0,1,4,10181,1129469,0,3,0.1,0.0,0.0,0.0,0.0,4068.31,0.0,XAUUSD,profit_harvester,3LJ7QLIQBDOBP,2026-06-26T19:57:43+00:00,2026-06-26T19:57:43+00:00,2026-06-26T19:57:43.537000+00:00,2026-06-26T19:57:43.550000+00:00
1129615,1782503885,1782503885861,1782503885,1782503885877,0,1,0,1,4,10181,1129469,0,3,0.1,0.0,0.0,0.0,0.0,4068.795,0.0,XAUUSD,profit_harvester,3LJ7QM5JLXSU4,2026-06-26T19:58:05+00:00,2026-06-26T19:58:05+00:00,2026-06-26T19:58:05.861000+00:00,2026-06-26T19:58:05.877000+00:00
1133491,1782504186,1782504186398,1782504186,1782504186410,0,0,0,1,4,10181,1133491,0,3,0.1,0.0,0.0,0.0,0.0,4066.515,0.0,XAUUSD,profit_harvester,3LJ7QUVGACXEC,2026-06-26T20:03:06+00:00,2026-06-26T20:03:06+00:00,2026-06-26T20:03:06.398000+00:00,2026-06-26T20:03:06.410000+00:00
1133684,1782504196,1782504196573,1782504196,1782504196584,0,0,0,1,4,0,1124316,0,0,0.5,0.0,0.0,0.0,0.0,58.8753,0.0,XAGUSD,,3LJ7QV6VHIOKV,2026-06-26T20:03:16+00:00,2026-06-26T20:03:16+00:00,2026-06-26T20:03:16.573000+00:00,2026-06-26T20:03:16.584000+00:00
1137330,1782504360,1782504360655,1782504360,1782504360668,0,0,0,1,4,0,1137330,0,0,0.5,0.0,0.0,0.0,0.0,58.8855,0.0,XAGUSD,,3LJ7QZXPJ5OYN,2026-06-26T20:06:00+00:00,2026-06-26T20:06:00+00:00,2026-06-26T20:06:00.655000+00:00,2026-06-26T20:06:00.668000+00:00
1137650,1782504414,1782504414264,1782504414,1782504414278,0,1,0,1,4,0,1133491,0,0,0.1,0.0,0.0,0.0,0.0,4066.295,0.0,XAUUSD,,3LJ7R3JN6TVW7,2026-06-26T20:06:54+00:00,2026-06-26T20:06:54+00:00,2026-06-26T20:06:54.264000+00:00,2026-06-26T20:06:54.278000+00:00
1137653,1782504414,1782504414783,1782504414,1782504414796,0,0,0,1,4,10181,1137653,0,3,0.1,0.0,0.0,0.0,0.0,4066.525,0.0,XAUUSD,profit_harvester,3LJ7R3K4O4KJG,2026-06-26T20:06:54+00:00,2026-06-26T20:06:54+00:00,2026-06-26T20:06:54.783000+00:00,2026-06-26T20:06:54.796000+00:00
1138330,1782504486,1782504486869,1782504486,1782504486892,0,1,0,1,4,0,1137653,0,0,0.1,0.0,0.0,0.0,0.0,4065.535,0.0,XAUUSD,,3LJ7R5NAZH2MD,2026-06-26T20:08:06+00:00,2026-06-26T20:08:06+00:00,2026-06-26T20:08:06.869000+00:00,2026-06-26T20:08:06.892000+00:00
1138336,1782504487,1782504487623,1782504487,1782504487636,0,0,0,1,4,10181,1138336,0,3,0.1,0.0,0.0,0.0,0.0,4065.7,0.0,XAUUSD,profit_harvester,3LJ7R5NXHLGK2,2026-06-26T20:08:07+00:00,2026-06-26T20:08:07+00:00,2026-06-26T20:08:07.623000+00:00,2026-06-26T20:08:07.636000+00:00
1138347,1782504491,1782504491361,1782504491,1782504491376,0,1,0,1,4,0,1137330,0,0,0.5,0.0,0.0,0.0,0.0,58.8983,0.0,XAGUSD,,3LJ7R5RGUX6GO,2026-06-26T20:08:11+00:00,2026-06-26T20:08:11+00:00,2026-06-26T20:08:11.361000+00:00,2026-06-26T20:08:11.376000+00:00
1138470,1782504499,1782504499299,1782504499,1782504499333,0,1,0,1,4,10181,1138336,0,3,0.1,0.0,0.0,0.0,0.0,4066.34,0.0,XAUUSD,profit_harvester,3LJ7R5YTGPRGC,2026-06-26T20:08:19+00:00,2026-06-26T20:08:19+00:00,2026-06-26T20:08:19.299000+00:00,2026-06-26T20:08:19.333000+00:00
1138511,1782504502,1782504502909,1782504502,1782504502924,0,0,0,0,4,0,1117950,0,0,0.5,0.0,0.0,0.0,0.0,161.719,0.0,USDJPY,,3LJ7R646ZW6HU,2026-06-26T20:08:22+00:00,2026-06-26T20:08:22+00:00,2026-06-26T20:08:22.909000+00:00,2026-06-26T20:08:22.924000+00:00
1138803,1782504546,1782504546496,1782504546,1782504546509,0,0,0,1,4,0,1138803,0,0,1.0,0.0,0.0,0.0,0.0,58.9547,0.0,XAGUSD,,3LJ7R7ES2H5NI,2026-06-26T20:09:06+00:00,2026-06-26T20:09:06+00:00,2026-06-26T20:09:06.496000+00:00,2026-06-26T20:09:06.509000+00:00
1139953,1782504683,1782504683299,1782504683,1782504683312,0,1,0,1,4,0,1138803,0,0,1.0,0.0,0.0,0.0,0.0,58.9539,0.0,XAGUSD,,3LJ7RDE6ZFJD3,2026-06-26T20:11:23+00:00,2026-06-26T20:11:23+00:00,2026-06-26T20:11:23.299000+00:00,2026-06-26T20:11:23.312000+00:00
1140012,1782504705,1782504705368,1782504705,1782504705395,0,0,0,1,4,0,1140012,0,0,1.0,0.0,0.0,0.0,0.0,58.9814,0.0,XAGUSD,,3LJ7RDYQPUJSR,2026-06-26T20:11:45+00:00,2026-06-26T20:11:45+00:00,2026-06-26T20:11:45.368000+00:00,2026-06-26T20:11:45.395000+00:00
1140220,1782504764,1782504764816,1782504764,1782504764830,0,1,0,1,4,0,1140012,0,0,1.0,0.0,0.0,0.0,0.0,58.9744,0.0,XAGUSD,,3LJ7RFQ4GLWUX,2026-06-26T20:12:44+00:00,2026-06-26T20:12:44+00:00,2026-06-26T20:12:44.816000+00:00,2026-06-26T20:12:44.830000+00:00
1140326,1782504792,1782504792266,1782504792,1782504792278,0,0,0,1,4,0,1140326,0,0,1.0,0.0,0.0,0.0,0.0,4067.894,0.0,XAUUSD,,3LJ7RGJOIRRXR,2026-06-26T20:13:12+00:00,2026-06-26T20:13:12+00:00,2026-06-26T20:13:12.266000+00:00,2026-06-26T20:13:12.278000+00:00
1140466,1782504799,1782504799707,1782504799,1782504799721,0,1,0,1,4,0,1140326,0,0,1.0,0.0,0.0,0.0,0.0,4068.785,0.0,XAUUSD,,3LJ7RGQMBLLHF,2026-06-26T20:13:19+00:00,2026-06-26T20:13:19+00:00,2026-06-26T20:13:19.707000+00:00,2026-06-26T20:13:19.721000+00:00
1142804,1782504967,1782504967310,1782504967,1782504967324,0,1,0,1,4,0,1142804,0,0,1.0,0.0,0.0,0.0,0.0,58.9897,0.0,XAGUSD,,3LJ7RLMPA2DVU,2026-06-26T20:16:07+00:00,2026-06-26T20:16:07+00:00,2026-06-26T20:16:07.310000+00:00,2026-06-26T20:16:07.324000+00:00
1142871,1782504981,1782504981357,1782504981,1782504981369,0,0,0,1,4,0,1142804,0,0,1.0,0.0,0.0,0.0,0.0,58.9871,0.0,XAGUSD,,3LJ7RLZRV6IOQ,2026-06-26T20:16:21+00:00,2026-06-26T20:16:21+00:00,2026-06-26T20:16:21.357000+00:00,2026-06-26T20:16:21.369000+00:00
1143286,1782505005,1782505005941,1782505005,1782505005955,0,1,0,1,4,0,1143286,0,0,1.0,0.0,0.0,0.0,0.0,58.9712,0.0,XAGUSD,,3LJ7RMQOKA7OV,2026-06-26T20:16:45+00:00,2026-06-26T20:16:45+00:00,2026-06-26T20:16:45.941000+00:00,2026-06-26T20:16:45.955000+00:00
1143964,1782505036,1782505036066,1782505036,1782505036079,0,0,0,1,4,0,1143286,0,0,1.0,0.0,0.0,0.0,0.0,58.9789,0.0,XAGUSD,,3LJ7RNMQDOKP2,2026-06-26T20:17:16+00:00,2026-06-26T20:17:16+00:00,2026-06-26T20:17:16.066000+00:00,2026-06-26T20:17:16.079000+00:00
1144384,1782505061,1782505061240,1782505061,1782505061255,0,1,0,1,4,0,1144384,0,0,1.0,0.0,0.0,0.0,0.0,58.9392,0.0,XAGUSD,,3LJ7ROE6LWHAL,2026-06-26T20:17:41+00:00,2026-06-26T20:17:41+00:00,2026-06-26T20:17:41.240000+00:00,2026-06-26T20:17:41.255000+00:00
1144487,1782505069,1782505069748,1782505069,1782505069763,0,0,0,1,4,0,1144384,0,0,1.0,0.0,0.0,0.0,0.0,58.9375,0.0,XAGUSD,,3LJ7ROM462MGP,2026-06-26T20:17:49+00:00,2026-06-26T20:17:49+00:00,2026-06-26T20:17:49.748000+00:00,2026-06-26T20:17:49.763000+00:00
1145118,1782505110,1782505110468,1782505110,1782505110480,0,0,0,1,4,0,1145118,0,0,1.0,0.0,0.0,0.0,0.0,58.9885,0.0,XAGUSD,,3LJ7RPRZONSLS,2026-06-26T20:18:30+00:00,2026-06-26T20:18:30+00:00,2026-06-26T20:18:30.468000+00:00,2026-06-26T20:18:30.480000+00:00
1145807,1782505156,1782505156919,1782505156,1782505156931,0,1,0,1,4,0,1145118,0,0,1.0,0.0,0.0,0.0,0.0,58.9837,0.0,XAGUSD,,3LJ7RR5BXPRFY,2026-06-26T20:19:16+00:00,2026-06-26T20:19:16+00:00,2026-06-26T20:19:16.919000+00:00,2026-06-26T20:19:16.931000+00:00
1146214,1782505190,1782505190339,1782505190,1782505190351,0,1,0,1,4,0,1146214,0,0,1.0,0.0,0.0,0.0,0.0,58.9524,0.0,XAGUSD,,3LJ7RS4FX6NAX,2026-06-26T20:19:50+00:00,2026-06-26T20:19:50+00:00,2026-06-26T20:19:50.339000+00:00,2026-06-26T20:19:50.351000+00:00
1146579,1782505208,1782505208324,1782505208,1782505208335,0,0,0,1,4,0,1146214,0,0,1.0,0.0,0.0,0.0,0.0,58.941,0.0,XAGUSD,,3LJ7RSN5XXYGM,2026-06-26T20:20:08+00:00,2026-06-26T20:20:08+00:00,2026-06-26T20:20:08.324000+00:00,2026-06-26T20:20:08.335000+00:00
1146760,1782505227,1782505227632,1782505227,1782505227644,0,1,0,1,4,0,1146760,0,0,1.0,0.0,0.0,0.0,0.0,58.9087,0.0,XAGUSD,,3LJ7RT75EQUFW,2026-06-26T20:20:27+00:00,2026-06-26T20:20:27+00:00,2026-06-26T20:20:27.632000+00:00,2026-06-26T20:20:27.644000+00:00
1149723,1782505333,1782505333888,1782505333,1782505333899,0,0,0,1,4,0,1146760,0,0,1.0,0.0,0.0,0.0,0.0,58.9146,0.0,XAGUSD,,3LJ7RWC437I4G,2026-06-26T20:22:13+00:00,2026-06-26T20:22:13+00:00,2026-06-26T20:22:13.888000+00:00,2026-06-26T20:22:13.899000+00:00
1150213,1782505351,1782505351488,1782505351,1782505351501,0,1,0,1,4,0,1150213,0,0,1.0,0.0,0.0,0.0,0.0,4066.25,0.0,XAUUSD,,3LJ7RWSILPGMF,2026-06-26T20:22:31+00:00,2026-06-26T20:22:31+00:00,2026-06-26T20:22:31.488000+00:00,2026-06-26T20:22:31.501000+00:00
1150452,1782505357,1782505357218,1782505357,1782505357230,0,0,0,1,4,10181,1150452,0,3,0.5,0.0,0.0,0.0,0.0,1.31973,0.0,GBPUSD,profit_harvester,3LJ7RWXTEBHJ2,2026-06-26T20:22:37+00:00,2026-06-26T20:22:37+00:00,2026-06-26T20:22:37.218000+00:00,2026-06-26T20:22:37.230000+00:00
1150705,1782505364,1782505364162,1782505364,1782505364175,0,0,0,0,4,0,1116704,0,0,0.5,0.0,0.0,0.0,0.0,1.41905,0.0,USDCAD,,3LJ7RX6CCM5YM,2026-06-26T20:22:44+00:00,2026-06-26T20:22:44+00:00,2026-06-26T20:22:44.162000+00:00,2026-06-26T20:22:44.175000+00:00
1150830,1782505368,1782505368529,1782505368,1782505368541,0,0,0,1,4,0,1150213,0,0,1.0,0.0,0.0,0.0,0.0,4065.545,0.0,XAUUSD,,3LJ7RXCEHR4HL,2026-06-26T20:22:48+00:00,2026-06-26T20:22:48+00:00,2026-06-26T20:22:48.529000+00:00,2026-06-26T20:22:48.541000+00:00
1150839,1782505368,1782505368794,1782505368,1782505368806,0,0,0,1,4,10181,1150839,0,3,0.1,0.0,0.0,0.0,0.0,4065.505,0.0,XAUUSD,profit_harvester,3LJ7RXCMEPU3A,2026-06-26T20:22:48+00:00,2026-06-26T20:22:48+00:00,2026-06-26T20:22:48.794000+00:00,2026-06-26T20:22:48.806000+00:00
1150872,1782505384,1782505384422,1782505384,1782505384435,0,1,0,1,4,0,1150872,0,0,1.0,0.0,0.0,0.0,0.0,58.8562,0.0,XAGUSD,,3LJ7RXR64AD2N,2026-06-26T20:23:04+00:00,2026-06-26T20:23:04+00:00,2026-06-26T20:23:04.422000+00:00,2026-06-26T20:23:04.435000+00:00
1151069,1782505411,1782505411846,1782505411,1782505411858,0,1,0,1,4,0,1150839,0,0,0.1,0.0,0.0,0.0,0.0,4064.725,0.0,XAUUSD,,3LJ7RYKPFSJRJ,2026-06-26T20:23:31+00:00,2026-06-26T20:23:31+00:00,2026-06-26T20:23:31.846000+00:00,2026-06-26T20:23:31.858000+00:00
1151070,1782505412,1782505412081,1782505412,1782505412092,0,0,0,1,4,10181,1151070,0,3,0.1,0.0,0.0,0.0,0.0,4064.805,0.0,XAUUSD,profit_harvester,3LJ7RYKWG2ZDZ,2026-06-26T20:23:32+00:00,2026-06-26T20:23:32+00:00,2026-06-26T20:23:32.081000+00:00,2026-06-26T20:23:32.092000+00:00
1151118,1782505419,1782505419055,1782505419,1782505419067,0,0,0,1,4,0,1150872,0,0,1.0,0.0,0.0,0.0,0.0,58.8765,0.0,XAGUSD,,3LJ7RYRGB3VUH,2026-06-26T20:23:39+00:00,2026-06-26T20:23:39+00:00,2026-06-26T20:23:39.055000+00:00,2026-06-26T20:23:39.067000+00:00
1151180,1782505441,1782505441453,1782505441,1782505441466,0,1,0,1,4,10181,1151070,0,3,0.1,0.0,0.0,0.0,0.0,4065.395,0.0,XAUUSD,profit_harvester,3LJ7RZGBRQ2VO,2026-06-26T20:24:01+00:00,2026-06-26T20:24:01+00:00,2026-06-26T20:24:01.453000+00:00,2026-06-26T20:24:01.466000+00:00
1151697,1782505493,1782505493607,1782505493,1782505493619,0,0,0,1,4,0,1151697,0,0,1.0,0.0,0.0,0.0,0.0,58.885,0.0,XAGUSD,,3LJ7S2WU3WU7Z,2026-06-26T20:24:53+00:00,2026-06-26T20:24:53+00:00,2026-06-26T20:24:53.607000+00:00,2026-06-26T20:24:53.619000+00:00
1151767,1782505510,1782505510728,1782505510,1782505510745,0,1,0,1,4,0,1151697,0,0,1.0,0.0,0.0,0.0,0.0,58.8792,0.0,XAGUSD,,3LJ7S3GSENBXA,2026-06-26T20:25:10+00:00,2026-06-26T20:25:10+00:00,2026-06-26T20:25:10.728000+00:00,2026-06-26T20:25:10.745000+00:00
1151876,1782505529,1782505529321,1782505529,1782505529333,0,0,0,1,4,0,1151876,0,0,1.0,0.0,0.0,0.0,0.0,58.9053,0.0,XAGUSD,,3LJ7S3Y4HB5V4,2026-06-26T20:25:29+00:00,2026-06-26T20:25:29+00:00,2026-06-26T20:25:29.321000+00:00,2026-06-26T20:25:29.333000+00:00
1154106,1782505666,1782505666337,1782505666,1782505666351,0,1,0,1,4,0,1151876,0,0,1.0,0.0,0.0,0.0,0.0,58.906,0.0,XAGUSD,,3LJ7S7XPUARCQ,2026-06-26T20:27:46+00:00,2026-06-26T20:27:46+00:00,2026-06-26T20:27:46.337000+00:00,2026-06-26T20:27:46.351000+00:00
1154770,1782505691,1782505691976,1782505691,1782505691991,0,1,0,1,4,0,1154770,0,0,1.0,0.0,0.0,0.0,0.0,58.8912,0.0,XAGUSD,,3LJ7SAPLY4LWP,2026-06-26T20:28:11+00:00,2026-06-26T20:28:11+00:00,2026-06-26T20:28:11.976000+00:00,2026-06-26T20:28:11.991000+00:00
1155068,1782505707,1782505707076,1782505707,1782505707090,0,0,0,1,4,0,1154770,0,0,1.0,0.0,0.0,0.0,0.0,58.892,0.0,XAGUSD,,3LJ7SB5NZCHFA,2026-06-26T20:28:27+00:00,2026-06-26T20:28:27+00:00,2026-06-26T20:28:27.076000+00:00,2026-06-26T20:28:27.090000+00:00
1156030,1782505747,1782505747849,1782505747,1782505747874,0,1,0,1,4,0,1156030,0,0,1.0,0.0,0.0,0.0,0.0,58.8667,0.0,XAGUSD,,3LJ7SCDN23ZMS,2026-06-26T20:29:07+00:00,2026-06-26T20:29:07+00:00,2026-06-26T20:29:07.849000+00:00,2026-06-26T20:29:07.874000+00:00
1160823,1782506051,1782506051954,1782506051,1782506051967,0,1,0,1,4,10181,1150452,0,3,0.5,0.0,0.0,0.0,0.0,1.31988,0.0,GBPUSD,profit_harvester,3LJ7SL6U5NJLB,2026-06-26T20:34:11+00:00,2026-06-26T20:34:11+00:00,2026-06-26T20:34:11.954000+00:00,2026-06-26T20:34:11.967000+00:00
1167083,1782506461,1782506461620,1782506461,1782506461633,0,1,0,1,4,0,1167083,0,0,1.0,0.0,0.0,0.0,0.0,4068.4,0.0,XAUUSD,,3LJ7SX4F464HM,2026-06-26T20:41:01+00:00,2026-06-26T20:41:01+00:00,2026-06-26T20:41:01.620000+00:00,2026-06-26T20:41:01.633000+00:00
1167921,1782506522,1782506522428,1782506522,1782506522441,0,0,0,1,4,10181,1167921,0,3,0.5,0.0,0.0,0.0,0.0,1.31958,0.0,GBPUSD,profit_harvester,3LJ7SYUZDCAVU,2026-06-26T20:42:02+00:00,2026-06-26T20:42:02+00:00,2026-06-26T20:42:02.428000+00:00,2026-06-26T20:42:02.441000+00:00
1169381,1782506609,1782506609377,1782506609,1782506609388,0,1,0,1,4,10181,1167921,0,3,0.5,0.0,0.0,0.0,0.0,1.31968,0.0,GBPUSD,profit_harvester,3LJ7T3FYMEHCD,2026-06-26T20:43:29+00:00,2026-06-26T20:43:29+00:00,2026-06-26T20:43:29.377000+00:00,2026-06-26T20:43:29.388000+00:00
1171075,1782506732,1782506732094,1782506732,1782506732106,0,0,0,1,4,0,1167083,0,0,1.0,0.0,0.0,0.0,0.0,4068.285,0.0,XAUUSD,,3LJ7T6YBVI5A3,2026-06-26T20:45:32+00:00,2026-06-26T20:45:32+00:00,2026-06-26T20:45:32.094000+00:00,2026-06-26T20:45:32.106000+00:00
1173238,1782506843,1782506843124,1782506843,1782506843139,0,1,0,1,4,0,1156030,0,0,1.0,0.0,0.0,0.0,0.0,59.008,0.0,XAGUSD,,3LJ7TC7OUQ7YV,2026-06-26T20:47:23+00:00,2026-06-26T20:47:23+00:00,2026-06-26T20:47:23.124000+00:00,2026-06-26T20:47:23.139000+00:00
1173461,1782506851,1782506851746,1782506851,1782506851760,0,1,0,1,4,0,1173461,0,0,1.0,0.0,0.0,0.0,0.0,4068.51,0.0,XAUUSD,,3LJ7TCHPSWZ3D,2026-06-26T20:47:31+00:00,2026-06-26T20:47:31+00:00,2026-06-26T20:47:31.746000+00:00,2026-06-26T20:47:31.760000+00:00
1187215,1782507376,1782507376990,1782507377,1782507377003,0,0,0,1,4,0,1173461,0,0,1.0,0.0,0.0,0.0,0.0,4074.275,0.0,XAUUSD,,3LJ7TRQVD6PBC,2026-06-26T20:56:16+00:00,2026-06-26T20:56:17+00:00,2026-06-26T20:56:16.990000+00:00,2026-06-26T20:56:17.003000+00:00
1188133,1782507420,1782507420408,1782507420,1782507420453,0,0,0,1,4,0,1188133,0,0,1.0,0.0,0.0,0.0,0.0,4074.504,0.0,XAUUSD,,3LJ7TSZDBWID5,2026-06-26T20:57:00+00:00,2026-06-26T20:57:00+00:00,2026-06-26T20:57:00.408000+00:00,2026-06-26T20:57:00.453000+00:00
1190468,1782507511,1782507511800,1782507511,1782507511815,0,0,0,0,4,0,1190468,0,0,1.0,0.0,0.0,0.0,0.0,161.761,0.0,USDJPY,,3LJ7TVOGYIQQF,2026-06-26T20:58:31+00:00,2026-06-26T20:58:31+00:00,2026-06-26T20:58:31.800000+00:00,2026-06-26T20:58:31.815000+00:00
1192836,1782507608,1782507608951,1782507608,1782507608965,0,0,0,1,4,0,1156030,0,0,2.0,0.0,0.0,0.0,0.0,58.9333,0.0,XAGUSD,,3LJ7TYIWA7N25,2026-06-26T21:00:08+00:00,2026-06-26T21:00:08+00:00,2026-06-26T21:00:08.951000+00:00,2026-06-26T21:00:08.965000+00:00
1193508,1782507667,1782507667908,1782507667,1782507667920,0,1,0,1,4,0,1188133,0,0,1.0,0.0,0.0,0.0,0.0,4071.345,0.0,XAUUSD,,3LJ7U27TC4BXY,2026-06-26T21:01:07+00:00,2026-06-26T21:01:07+00:00,2026-06-26T21:01:07.908000+00:00,2026-06-26T21:01:07.920000+00:00
1193603,1782507681,1782507681525,1782507681,1782507681540,0,1,0,0,4,0,1190468,0,0,1.0,0.0,0.0,0.0,0.0,161.762,0.0,USDJPY,,3LJ7U2MJ4IZ46,2026-06-26T21:01:21+00:00,2026-06-26T21:01:21+00:00,2026-06-26T21:01:21.525000+00:00,2026-06-26T21:01:21.540000+00:00
1193638,1782507689,1782507689231,1782507689,1782507689244,0,1,0,1,4,0,1193638,0,0,1.0,0.0,0.0,0.0,0.0,58.8915,0.0,XAGUSD,,3LJ7U2TORVUBK,2026-06-26T21:01:29+00:00,2026-06-26T21:01:29+00:00,2026-06-26T21:01:29.231000+00:00,2026-06-26T21:01:29.244000+00:00
1193906,1782507744,1782507744081,1782507744,1782507744092,0,0,0,1,4,0,1193638,0,0,1.0,0.0,0.0,0.0,0.0,58.8983,0.0,XAGUSD,,3LJ7U4GRGTAH7,2026-06-26T21:02:24+00:00,2026-06-26T21:02:24+00:00,2026-06-26T21:02:24.081000+00:00,2026-06-26T21:02:24.092000+00:00
1194035,1782507759,1782507759290,1782507759,1782507759308,0,1,0,1,4,0,1194035,0,0,1.0,0.0,0.0,0.0,0.0,58.8713,0.0,XAGUSD,,3LJ7U4UWPFAOP,2026-06-26T21:02:39+00:00,2026-06-26T21:02:39+00:00,2026-06-26T21:02:39.290000+00:00,2026-06-26T21:02:39.308000+00:00
1194348,1782507797,1782507797058,1782507797,1782507797069,0,0,0,1,4,0,1194035,0,0,1.0,0.0,0.0,0.0,0.0,58.8575,0.0,XAGUSD,,3LJ7U5Y4BPVGI,2026-06-26T21:03:17+00:00,2026-06-26T21:03:17+00:00,2026-06-26T21:03:17.058000+00:00,2026-06-26T21:03:17.069000+00:00
1194415,1782507808,1782507808034,1782507808,1782507808047,0,1,0,1,4,0,1194415,0,0,1.0,0.0,0.0,0.0,0.0,58.817,0.0,XAGUSD,,3LJ7U6CDF4UZG,2026-06-26T21:03:28+00:00,2026-06-26T21:03:28+00:00,2026-06-26T21:03:28.034000+00:00,2026-06-26T21:03:28.047000+00:00
1195583,1782508000,1782508000995,1782508001,1782508001010,0,1,0,0,4,0,1195583,0,0,1.0,0.0,0.0,0.0,0.0,0.68958,0.0,AUDUSD,,3LJ7UDW23ZHUI,2026-06-26T21:06:40+00:00,2026-06-26T21:06:41+00:00,2026-06-26T21:06:40.995000+00:00,2026-06-26T21:06:41.010000+00:00
1195615,1782508005,1782508005761,1782508005,1782508005773,0,0,0,1,4,0,1194415,0,0,1.0,0.0,0.0,0.0,0.0,58.8266,0.0,XAGUSD,,3LJ7UE2I5FT2M,2026-06-26T21:06:45+00:00,2026-06-26T21:06:45+00:00,2026-06-26T21:06:45.761000+00:00,2026-06-26T21:06:45.773000+00:00
1195707,1782508025,1782508025142,1782508025,1782508025156,0,1,0,1,4,0,1195707,0,0,1.0,0.0,0.0,0.0,0.0,58.7565,0.0,XAGUSD,,3LJ7UEMJQKPYM,2026-06-26T21:07:05+00:00,2026-06-26T21:07:05+00:00,2026-06-26T21:07:05.142000+00:00,2026-06-26T21:07:05.156000+00:00
1195718,1782508040,1782508040153,1782508040,1782508040166,0,0,0,1,4,0,1195707,0,0,1.0,0.0,0.0,0.0,0.0,58.7664,0.0,XAGUSD,,3LJ7UF2J4SNDI,2026-06-26T21:07:20+00:00,2026-06-26T21:07:20+00:00,2026-06-26T21:07:20.153000+00:00,2026-06-26T21:07:20.166000+00:00
1195934,1782508069,1782508069853,1782508069,1782508069868,0,1,0,1,4,0,1195934,0,0,1.0,0.0,0.0,0.0,0.0,4068.2,0.0,XAUUSD,,3LJ7UFW6ATLRS,2026-06-26T21:07:49+00:00,2026-06-26T21:07:49+00:00,2026-06-26T21:07:49.853000+00:00,2026-06-26T21:07:49.868000+00:00
1196031,1782508080,1782508080403,1782508080,1782508080417,0,0,0,1,4,0,1195934,0,0,1.0,0.0,0.0,0.0,0.0,4068.125,0.0,XAUUSD,,3LJ7UG7YOM7D3,2026-06-26T21:08:00+00:00,2026-06-26T21:08:00+00:00,2026-06-26T21:08:00.403000+00:00,2026-06-26T21:08:00.417000+00:00
1196133,1782508107,1782508107304,1782508107,1782508107318,0,0,0,1,4,0,1196133,0,0,1.0,0.0,0.0,0.0,0.0,4068.97,0.0,XAUUSD,,3LJ7UGZ2F5T72,2026-06-26T21:08:27+00:00,2026-06-26T21:08:27+00:00,2026-06-26T21:08:27.304000+00:00,2026-06-26T21:08:27.318000+00:00
